Plot.ID.E.Y,Year,mean.temp,Plot.ID.E,Site,Elevation,Plot,Plot.E,Plot.ID,Warming,Removal,Treatment,Experiment_Length_yr,ug_NH4_week_cm2,ug_NO3_week_cm2,Inorganic_N,ug_TP_week_cm2,NP,pH,Soil_Percent_C,Soil_Percent_N,Soil_CN,Bare_Soil,Litter,Rock,Graminoid,Forb,Woody,Legume,Cryptogram,Total_Plant_Cover_All,Total_Plant_Cover_Vascular_Only,Graminoid_Relative,Forb_Relative,Woody_Relative,Legume_Relative,Cryptogram_Relative,Species_Richness,Total_Cover_Scaled,PCA_PlantComm_Loadings,VWC,mean.EFFLUX
CYHigh1-16,2016,8.454545455,CYHigh1,CY,High,1,High1,CY1,A,R,AR,4,0,0.006342535,0.006342535,0.026370407,0.240517145,7.07,5.0969,0.20926,24.35678104,0.31,0.04,0.03,0.01,0.02,0.08,0,0.49,60,0.11,1.67,3.33,13.33,0,81.67,5,60,-1.881189326,46.5,0.3734
CYLow1-16,2016,10.76923077,CYLow1,CY,Low,1,Low1,CY1,A,C,AC,4,0.168183,0.602663,0.770846,0.288721,2.669867,5.12,12.049,0.98013,12.29327,0,0.08,0,0.16,0.25,0.21,0.4,0,102,1.02,15.69,24.51,20.59,39.22,0,15,102,1.400638,34.75,0.678
CYHigh1-17,2017,7.791666667,CYHigh1,CY,High,1,High1,CY1,A,R,AR,4,0,0.006342535,0.006342535,0.026370407,0.240517145,7.07,5.0969,0.20926,24.35678104,0.31,0.04,0.03,0.01,0.02,0.08,0,0.49,60,0.11,1.67,3.33,13.33,0,81.67,5,60,-1.881189326,46.135,0.5562
CYLow1-17,2017,5.208333333,CYLow1,CY,Low,1,Low1,CY1,A,C,AC,4,0.168183,0.602663,0.770846,0.288721,2.669867,5.12,12.049,0.98013,12.29327,0,0.08,0,0.16,0.25,0.21,0.4,0,102,1.02,15.69,24.51,20.59,39.22,0,15,102,1.400638,37.89,0.5729
CYHigh2-16,2016,9.045454545,CYHigh2,CY,High,2,High2,CY2,A,R,AR,4,0,0.00820799,0.00820799,0.013990915,0.586665704,7.03,7.4,0.31202,23.71642843,0.02,0.12,0,0.01,0.34,0.03,0,0.47,85,0.38,1.18,40,3.53,0,55.29,6,85,-0.51866572,40,0.3636
CYLow2-16,2016,9.423076923,CYLow2,CY,Low,2,Low2,CY2,W,C,WC,4,0.094294,0.07861,0.172904,0.308789,0.559943,5.14,11.088,0.86528,12.81435,0,0.02,0,0.18,0.31,0.3,0.06,0.01,85,0.85,20.93,36.05,34.88,6.98,1.16,14,86,0.497455,33.5,1.5324
CYHigh2-17,2017,7.729166667,CYHigh2,CY,High,2,High2,CY2,A,R,AR,4,0,0.00820799,0.00820799,0.013990915,0.586665704,7.03,7.4,0.31202,23.71642843,0.02,0.12,0,0.01,0.34,0.03,0,0.47,85,0.38,1.18,40,3.53,0,55.29,6,85,-0.51866572,47.53,0.2219
CYLow2-17,2017,3.875,CYLow2,CY,Low,2,Low2,CY2,W,C,WC,4,0.094294,0.07861,0.172904,0.308789,0.559943,5.14,11.088,0.86528,12.81435,0,0.02,0,0.18,0.31,0.3,0.06,0.01,85,0.85,20.93,36.05,34.88,6.98,1.16,14,86,0.497455,34.6,0.3995
CYHigh3-16,2016,10.5,CYHigh3,CY,High,3,High3,CY3,W,R,WR,4,0,0.00820799,0.00820799,0.019694911,0.416756897,6.92,8.3242,0.41298,20.15642404,0.31,0.01,0.04,0.01,0.08,0.16,0,0.34,59,0.25,1.69,13.56,27.12,0,57.63,8,59,-1.477672467,42.25,0.2309
CYLow3-16,2016,11.77272727,CYLow3,CY,Low,3,Low3,CY3,W,R,WR,4,0.136846,0.055175,0.192021,0.151319,1.268987,4.94,9.8866,0.82397,11.99874,0,0.1,0,0.14,0.43,0,0.16,0.01,74,0.73,18.92,58.11,0,21.62,1.35,14,74,1.929735,24.75,0.9517
CYHigh3-17,2017,8.571428571,CYHigh3,CY,High,3,High3,CY3,W,R,WR,4,0,0.00820799,0.00820799,0.019694911,0.416756897,6.92,8.3242,0.41298,20.15642404,0.31,0.01,0.04,0.01,0.08,0.16,0,0.34,59,0.25,1.69,13.56,27.12,0,57.63,8,59,-1.477672467,41.9,0.1944
CYLow3-17,2017,4.666666667,CYLow3,CY,Low,3,Low3,CY3,W,R,WR,4,0.136846,0.055175,0.192021,0.151319,1.268987,4.94,9.8866,0.82397,11.99874,0,0.1,0,0.14,0.43,0,0.16,0.01,74,0.73,18.92,58.11,0,21.62,1.35,14,74,1.929735,37.47666667,0.4339
CYHigh4-16,2016,9.136363636,CYHigh4,CY,High,4,High4,CY4,A,C,AC,4,0.008276294,0.004477079,0.012753373,0.009893887,1.289015429,7.59,5.57545,0.47707,11.68685937,0.01,0.07,0.01,0.21,0.09,0.12,0,0.3,72,0.42,29.17,12.5,16.67,0,41.67,5,72,-0.423615118,57.25,0.3964
CYLow4-16,2016,10.30769231,CYLow4,CY,Low,4,Low4,CY4,A,R,AR,4,0.106829,0.116692,0.223521,0.117544,1.901601,5.31,11.652,0.96377,12.09002,0,0.02,0,0.12,0.49,0,0.16,0,77,0.77,15.58,63.64,0,20.78,0,14,77,1.964542,27,0.4299
CYHigh4-17,2017,7.8125,CYHigh4,CY,High,4,High4,CY4,A,C,AC,4,0.008276294,0.004477079,0.012753373,0.009893887,1.289015429,7.59,5.57545,0.47707,11.68685937,0.01,0.07,0.01,0.21,0.09,0.12,0,0.3,72,0.42,29.17,12.5,16.67,0,41.67,5,72,-0.423615118,47.835,0.2184
CYLow4-17,2017,4.979166667,CYLow4,CY,Low,4,Low4,CY4,A,R,AR,4,0.106829,0.116692,0.223521,0.117544,1.901601,5.31,11.652,0.96377,12.09002,0,0.02,0,0.12,0.49,0,0.16,0,77,0.77,15.58,63.64,0,20.78,0,14,77,1.964542,36.03333333,0.4873
CYHigh5-16,2016,10.31818182,CYHigh5,CY,High,5,High5,CY5,W,R,WR,4,0,0.019400735,0.019400735,0.018813771,1.031198636,6.99,11.421,0.70374,16.22900503,0,0.01,0,0.03,0.11,0.4,0,0.45,99,0.54,3.03,11.11,40.4,0,45.45,8,99,-1.502889142,58,0.3409
CYLow5-16,2016,8.318181818,CYLow5,CY,Low,5,Low5,CY5,A,R,AR,4,0.118044,0.343232,0.461276,0.325442,1.417385,5.46,12.924,1.0089,12.80999,0,0.01,0,0.27,0.41,0,0.08,0,76,0.76,35.53,53.95,0,10.53,0,14,76,1.900643,28.75,1.0915
CYHigh5-17,2017,9.678571429,CYHigh5,CY,High,5,High5,CY5,W,R,WR,4,0,0.019400735,0.019400735,0.018813771,1.031198636,6.99,11.421,0.70374,16.22900503,0,0.01,0,0.03,0.11,0.4,0,0.45,99,0.54,3.03,11.11,40.4,0,45.45,8,99,-1.502889142,49.785,0.335
CYLow5-17,2017,3.125,CYLow5,CY,Low,5,Low5,CY5,A,R,AR,4,0.118044,0.343232,0.461276,0.325442,1.417385,5.46,12.924,1.0089,12.80999,0,0.01,0,0.27,0.41,0,0.08,0,76,0.76,35.53,53.95,0,10.53,0,14,76,1.900643,36.92333333,0.4522
CYHigh6-16,2016,9.318181818,CYHigh6,CY,High,6,High6,CY6,A,C,AC,4,0,0.006342535,0.006342535,0.010504921,0.603767986,7.24,12.8195,0.901295,14.22342296,0.03,0.12,0.02,0.04,0.16,0.16,0,0.39,75,0.36,5.33,21.33,21.33,0,52,8,75,-1.042061545,38.25,0.3413
CYLow6-16,2016,9.590909091,CYLow6,CY,Low,6,Low6,CY6,W,R,WR,4,0.071863,0.320773,0.392637,0.170606,2.301421,5.43,12.84,0.9889,12.98412,0,0.03,0,0.18,0.49,0,0.08,0,75,0.75,24,65.33,0,10.67,0,14,75,1.875964,24.25,0.9216
CYHigh6-17,2017,7.875,CYHigh6,CY,High,6,High6,CY6,A,C,AC,4,0,0.006342535,0.006342535,0.010504921,0.603767986,7.24,12.8195,0.901295,14.22342296,0.03,0.12,0.02,0.04,0.16,0.16,0,0.39,75,0.36,5.33,21.33,21.33,0,52,8,75,-1.042061545,42.95,0.2336
CYLow6-17,2017,2.166666667,CYLow6,CY,Low,6,Low6,CY6,W,R,WR,4,0.071863,0.320773,0.392637,0.170606,2.301421,5.43,12.84,0.9889,12.98412,0,0.03,0,0.18,0.49,0,0.08,0,75,0.75,24,65.33,0,10.67,0,14,75,1.875964,34.23333333,0.4616
CYHigh7-16,2016,9.772727273,CYHigh7,CY,High,7,High7,CY7,W,C,WC,4,0.001025505,0.003544352,0.004569857,0.023471438,0.194698638,7.33,6.6255,0.37169,17.82533832,0.11,0.08,0.04,0.2,0.07,0.08,0,0.2,55,0.35,36.36,12.73,14.55,0,36.36,6,55,-0.127715649,45.75,0.4547
CYLow7-16,2016,9.545454545,CYLow7,CY,Low,7,Low7,CY7,W,C,WC,4,0.107488,0.083493,0.190981,0.35094,0.544198,4.95,11.033,0.8745,12.61635,0,0.15,0,0.13,0.41,0.08,0.08,0.01,71,0.7,18.31,57.75,11.27,11.27,1.41,16,71,1.39995,24.25,0.5248
CYHigh7-17,2017,8.382352941,CYHigh7,CY,High,7,High7,CY7,W,C,WC,4,0.001025505,0.003544352,0.004569857,0.023471438,0.194698638,7.33,6.6255,0.37169,17.82533832,0.11,0.08,0.04,0.2,0.07,0.08,0,0.2,55,0.35,36.36,12.73,14.55,0,36.36,6,55,-0.127715649,44.17,0.2437
CYLow7-17,2017,3.083333333,CYLow7,CY,Low,7,Low7,CY7,W,C,WC,4,0.107488,0.083493,0.190981,0.35094,0.544198,4.95,11.033,0.8745,12.61635,0,0.15,0,0.13,0.41,0.08,0.08,0.01,71,0.7,18.31,57.75,11.27,11.27,1.41,16,71,1.39995,37.29,0.3211
CYHigh8-16,2016,9.590909091,CYHigh8,CY,High,8,High8,CY8,W,R,WR,4,0.004178304,0.023131645,0.027309949,0.020360469,1.341322196,7.25,5.881,0.30988,18.97831419,0.45,0.02,0.12,0,0.03,0.06,0,0.39,48,0.09,0,6.25,12.5,0,81.25,6,48,-1.838344894,42.25,0.3386
CYLow8-16,2016,9.181818182,CYLow8,CY,Low,8,Low8,CY8,A,C,AC,4,0.156308,0.075681,0.231989,0.29932,0.775054,5.46,10.509,0.91397,11.49819,0,0.01,0,0.08,0.41,0.12,0.21,0,82,0.82,9.76,50,14.63,25.61,0,14,82,1.46245,20,1.0098
CYHigh8-17,2017,8.840909091,CYHigh8,CY,High,8,High8,CY8,W,R,WR,4,0.004178304,0.023131645,0.027309949,0.020360469,1.341322196,7.25,5.881,0.30988,18.97831419,0.45,0.02,0.12,0,0.03,0.06,0,0.39,48,0.09,0,6.25,12.5,0,81.25,6,48,-1.838344894,40.635,0.1672
CYLow8-17,2017,4.4375,CYLow8,CY,Low,8,Low8,CY8,A,C,AC,4,0.156308,0.075681,0.231989,0.29932,0.775054,5.46,10.509,0.91397,11.49819,0,0.01,0,0.08,0.41,0.12,0.21,0,82,0.82,9.76,50,14.63,25.61,0,14,82,1.46245,34.11333333,0.3869
CYHigh9-16,2016,8.272727273,CYHigh9,CY,High,9,High9,CY9,A,R,AR,4,0.003547846,0.024997101,0.028544947,,,7.11,6.4181,0.30937,20.74570902,0.35,0.04,0.03,0,0.01,0.12,0,0.54,67,0.13,0,1.49,17.91,0,80.6,3,67,-2.013484129,42,0.2817
CYLow9-16,2016,10.75,CYLow9,CY,Low,9,Low9,CY9,W,C,WC,4,0.155648,0.297338,0.452986,0.709383,0.638564,4.93,14.583,1.064,13.70583,0,0.01,0,0.1,0.23,0.07,0.45,0,85,0.85,11.76,27.06,8.24,52.94,0,13,85,1.993659,22.5,0.8812
CYHigh9-17,2017,7.020833333,CYHigh9,CY,High,9,High9,CY9,A,R,AR,4,0.003547846,0.024997101,0.028544947,,,7.11,6.4181,0.30937,20.74570902,0.35,0.04,0.03,0,0.01,0.12,0,0.54,67,0.13,0,1.49,17.91,0,80.6,3,67,-2.013484129,45.4,0.1507
CYLow9-17,2017,3.541666667,CYLow9,CY,Low,9,Low9,CY9,W,C,WC,4,0.155648,0.297338,0.452986,0.709383,0.638564,4.93,14.583,1.064,13.70583,0,0.01,0,0.1,0.23,0.07,0.45,0,85,0.85,11.76,27.06,8.24,52.94,0,13,85,1.993659,32.2,0.451
CYHigh10-16,2016,9.458333333,CYHigh10,CY,High,10,High10,CY10,W,R,WR,4,0.008276294,0.015669824,0.023946118,0.022790941,1.050685797,7.31,7.2988,0.33624,21.70711397,0.25,0.07,0.02,0,0.04,0.09,0,0.34,47,0.13,0,8.51,19.15,0,72.34,6,47,-1.745647945,47.25,0.6106
CYHigh10-17,2017,8.541666667,CYHigh10,CY,High,10,High10,CY10,W,R,WR,4,0.008276294,0.015669824,0.023946118,0.022790941,1.050685797,7.31,7.2988,0.33624,21.70711397,0.25,0.07,0.02,0,0.04,0.09,0,0.34,47,0.13,0,8.51,19.15,0,72.34,6,47,-1.745647945,45.33,0.2476
CYLow10-17,2017,2.5625,CYLow10,CY,Low,10,Low10,CY10,W,R,WR,4,0.067245,0.300268,0.367513,0.189211,1.942348,5.2,10.904,0.88455,12.32717,0,0.15,0,0.15,0.5,0,0.07,0,72,0.72,20.83,69.44,0,9.72,0,16,72,1.858511,39.27666667,0.4097
CYHigh11-16,2016,7.909090909,CYHigh11,CY,High,11,High11,CY11,A,C,AC,4,0,0.004010715,0.004010715,0.034743986,0.115436237,7.08,6.7434,0.21129,31.91537697,0.26,0.04,0.04,0.12,0.01,0.1,0,0.35,58,0.23,20.69,1.72,17.24,0,60.34,5,58,-1.17309163,41,0.4367
CYLow11-16,2016,9.916666667,CYLow11,CY,Low,11,Low11,CY11,A,C,AC,4,0.110457,0.123528,0.233985,0.556068,0.420784,4.91,9.8344,0.78536,12.52216,0,0.03,0,0.34,0.39,0.03,0.22,0.01,99,0.98,34.34,39.39,3.03,22.22,1.01,15,99,1.871614,21,1.2046
CYHigh11-17,2017,7.1875,CYHigh11,CY,High,11,High11,CY11,A,C,AC,4,0,0.004010715,0.004010715,0.034743986,0.115436237,7.08,6.7434,0.21129,31.91537697,0.26,0.04,0.04,0.12,0.01,0.1,0,0.35,58,0.23,20.69,1.72,17.24,0,60.34,5,58,-1.17309163,43.05,0.2824
CYLow11-17,2017,2.479166667,CYLow11,CY,Low,11,Low11,CY11,A,C,AC,4,0.110457,0.123528,0.233985,0.556068,0.420784,4.91,9.8344,0.78536,12.52216,0,0.03,0,0.34,0.39,0.03,0.22,0.01,99,0.98,34.34,39.39,3.03,22.22,1.01,15,99,1.871614,35.69,0.4174
CYHigh12-16,2016,8.045454545,CYHigh12,CY,High,12,High12,CY12,W,C,WC,4,0.006700149,0.03432439,0.041024539,,,7.19,8.236,0.43084,19.1161452,0.06,0.21,0.03,0.08,0.07,0.17,0,0.31,63,0.32,12.7,11.11,26.98,0,49.21,8,63,-1.128004806,41,0.5824
CYLow12-16,2016,9.541666667,CYLow12,CY,Low,12,Low12,CY12,A,R,AR,4,0.053721,0.259256,0.312977,0.335592,0.932612,4.78,8.6717,0.7573,11.45081,0,0.11,0,0.24,0.43,0,0.13,0,8,0.8,30,53.75,0,16.25,0,14,80,1.948821,26.75,0.9162
CYHigh12-17,2017,7.375,CYHigh12,CY,High,12,High12,CY12,W,C,WC,4,0.006700149,0.03432439,0.041024539,,,7.19,8.236,0.43084,19.1161452,0.06,0.21,0.03,0.08,0.07,0.17,0,0.31,63,0.32,12.7,11.11,26.98,0,49.21,8,63,-1.128004806,42.52,0.2744
CYLow12-17,2017,1.916666667,CYLow12,CY,Low,12,Low12,CY12,A,R,AR,4,0.053721,0.259256,0.312977,0.335592,0.932612,4.78,8.6717,0.7573,11.45081,0,0.11,0,0.24,0.43,0,0.13,0,8,0.8,30,53.75,0,16.25,0,14,80,1.948821,41.68,
CYHigh13-16,2016,8.090909091,CYHigh13,CY,High,13,High13,CY13,A,R,AR,4,0.00039494,0.066037157,0.066432097,0.013951516,4.761640025,7.24,9.1966,0.43918,20.94038891,0.04,0.35,0.04,0.02,0.07,0.29,0,0.25,63,0.38,3.17,11.11,46.03,0,39.68,7,63,-1.491430243,39.75,0.5708
CYLow13-16,2016,9.25,CYLow13,CY,Low,13,Low13,CY13,A,C,AC,4,0.071863,0.180163,0.252026,0.429962,0.586159,4.84,11.916,0.96114,12.39778,0,0.05,0,0.23,0.59,0,0.06,0,88,0.88,26.14,67.05,0,6.82,0,19,88,1.840044,28.75,0.5973
CYHigh13-17,2017,7.604166667,CYHigh13,CY,High,13,High13,CY13,A,R,AR,4,0.00039494,0.066037157,0.066432097,0.013951516,4.761640025,7.24,9.1966,0.43918,20.94038891,0.04,0.35,0.04,0.02,0.07,0.29,0,0.25,63,0.38,3.17,11.11,46.03,0,39.68,7,63,-1.491430243,44.75,0.3343
CYLow13-17,2017,3.416666667,CYLow13,CY,Low,13,Low13,CY13,A,C,AC,4,0.071863,0.180163,0.252026,0.429962,0.586159,4.84,11.916,0.96114,12.39778,0,0.05,0,0.23,0.59,0,0.06,0,88,0.88,26.14,67.05,0,6.82,0,19,88,1.840044,40.51,
CYHigh14-16,2016,8.818181818,CYHigh14,CY,High,14,High14,CY14,W,C,WC,4,,0.121534504,,0.027885821,,7.46,8.3484,0.2226,37.50404313,0.03,0.08,0.04,0.2,0.11,0.09,0,0.16,56,0.4,35.71,19.64,16.07,0,28.57,8,56,0.110256781,39.75,0.5578
CYLow14-16,2016,9.6,CYLow14,CY,Low,14,Low14,CY14,A,R,AR,4,0.111619,0.079587,0.191206,0.407245,0.469509,4.96,10.167,0.76812,13.23621,0,0.12,0,0.25,0.34,0,0.12,0.02,73,0.71,34.25,46.58,0,16.44,2.74,15,73,1.856583,22.5,2.208
CYHigh14-17,2017,7.395833333,CYHigh14,CY,High,14,High14,CY14,W,C,WC,4,,0.121534504,,0.027885821,,7.46,8.3484,0.2226,37.50404313,0.03,0.08,0.04,0.2,0.11,0.09,0,0.16,56,0.4,35.71,19.64,16.07,0,28.57,8,56,0.110256781,38.5,0.2316
CYLow14-17,2017,3.395833333,CYLow14,CY,Low,14,Low14,CY14,A,R,AR,4,0.111619,0.079587,0.191206,0.407245,0.469509,4.96,10.167,0.76812,13.23621,0,0.12,0,0.25,0.34,0,0.12,0.02,73,0.71,34.25,46.58,0,16.44,2.74,15,73,1.856583,30.59,
CYHigh15-16,2016,8.772727273,CYHigh15,CY,High,15,High15,CY15,W,R,WR,4,0.004178304,0.090841339,0.095019643,0.021410822,4.43792597,7.08,7.4644,0.52665,14.17335992,0.01,0.12,0.02,0.01,0.07,0.25,0,0.35,68,0.33,1.47,10.29,36.76,0,51.47,5,68,-1.600538596,32.5,0.302
CYLow15-16,2016,9.9,CYLow15,CY,Low,15,Low15,CY15,W,R,WR,4,0.048848,0.049316,0.098164,0.711025,0.13806,5.1,14.378,1.0179,14.12516,0,0.02,0,0.14,0.42,0.03,0.25,0,84,0.84,16.67,50,3.57,29.76,0,15,84,1.930651,24,0.8241
CYHigh15-17,2017,7.729166667,CYHigh15,CY,High,15,High15,CY15,W,R,WR,4,0.004178304,0.090841339,0.095019643,0.021410822,4.43792597,7.08,7.4644,0.52665,14.17335992,0.01,0.12,0.02,0.01,0.07,0.25,0,0.35,68,0.33,1.47,10.29,36.76,0,51.47,5,68,-1.600538596,37.815,0.2253
CYLow15-17,2017,3.25,CYLow15,CY,Low,15,Low15,CY15,W,R,WR,4,0.048848,0.049316,0.098164,0.711025,0.13806,5.1,14.378,1.0179,14.12516,0,0.02,0,0.14,0.42,0.03,0.25,0,84,0.84,16.67,50,3.57,29.76,0,15,84,1.930651,35.54333333,
CYHigh16-16,2016,9.3,CYHigh16,CY,High,16,High16,CY16,A,C,AC,4,0,0.025576257,0.025576257,0.009673563,2.643933471,6.65,9.1893,0.40498,22.69075016,0,0.08,0.01,0.22,0.08,0.11,0,0.1,51,0.41,43.14,15.69,21.57,0,19.61,10,51,0.264479089,42.25,0.6524
CYLow16-16,2016,9.227272727,CYLow16,CY,Low,16,Low16,CY16,W,C,WC,4,0.129366,0.075681,0.205046,0.455329,0.450326,5.03,14.551,1.1231,12.9561,0,0.03,0,0.05,0.47,0.02,0.22,0.05,81,0.76,6.17,58.02,2.47,27.16,6.17,13,81,1.685498,23.75,0.5627
CYHigh16-17,2017,8.666666667,CYHigh16,CY,High,16,High16,CY16,A,C,AC,4,0,0.025576257,0.025576257,0.009673563,2.643933471,6.65,9.1893,0.40498,22.69075016,0,0.08,0.01,0.22,0.08,0.11,0,0.1,51,0.41,43.14,15.69,21.57,0,19.61,10,51,0.264479089,42.9,0.2754
CYLow16-17,2017,2.604166667,CYLow16,CY,Low,16,Low16,CY16,W,C,WC,4,0.129366,0.075681,0.205046,0.455329,0.450326,5.03,14.551,1.1231,12.9561,0,0.03,0,0.05,0.47,0.02,0.22,0.05,81,0.76,6.17,58.02,2.47,27.16,6.17,13,81,1.685498,41.65666667,
CYHigh17-16,2016,7.2,CYHigh17,CY,High,17,High17,CY17,A,C,AC,4,0,0.020846898,0.020846898,0.001193982,17.45997678,7.09,15.11,1.086,13.91344383,0.05,0.04,0.01,0.04,0.25,0.12,0,0.45,86,0.41,4.65,29.07,13.95,0,52.33,8,86,-0.783327518,42.25,0.3965
CYLow17-16,2016,9.090909091,CYLow17,CY,Low,17,Low17,CY17,A,R,AR,4,0.055092,0.104975,0.160067,0.482496,0.331748,5.06,13.358,0.97882,13.64704,0,0.17,0,0.23,0.46,0,0.08,0.02,79,0.77,29.11,58.23,0,10.13,2.53,20,79,1.785658,22.5,1.0881
CYHigh17-17,2017,6.958333333,CYHigh17,CY,High,17,High17,CY17,A,C,AC,4,0,0.020846898,0.020846898,0.001193982,17.45997678,7.09,15.11,1.086,13.91344383,0.05,0.04,0.01,0.04,0.25,0.12,0,0.45,86,0.41,4.65,29.07,13.95,0,52.33,8,86,-0.783327518,43.065,0.2441
CYLow17-17,2017,2.75,CYLow17,CY,Low,17,Low17,CY17,A,R,AR,4,0.055092,0.104975,0.160067,0.482496,0.331748,5.06,13.358,0.97882,13.64704,0,0.17,0,0.23,0.46,0,0.08,0.02,79,0.77,29.11,58.23,0,10.13,2.53,20,79,1.785658,32.7,
CYHigh18-16,2016,9.1,CYHigh18,CY,High,18,High18,CY18,W,R,WR,4,0,0.018955162,0.018955162,0.00231987,8.170786294,6.98,19.497,1.508,12.92904509,0.12,0.04,0.03,0.03,0.14,0.35,0,0.21,73,0.52,4.11,19.18,47.95,0,28.77,10,73,-1.145547281,39,0.3029
CYLow18-16,2016,10.31818182,CYLow18,CY,Low,18,Low18,CY18,A,C,AC,4,0.047533,0.037599,0.085132,0.098563,0.863733,4.83,10.798,0.87699,12.31257,0,0.06,0,0.1,0.43,0.12,0.08,0,73,0.73,13.7,58.9,16.44,10.96,0,17,73,1.248645,27,1.0613
CYHigh18-17,2017,9.386363636,CYHigh18,CY,High,18,High18,CY18,W,R,WR,4,0,0.018955162,0.018955162,0.00231987,8.170786294,6.98,19.497,1.508,12.92904509,0.12,0.04,0.03,0.03,0.14,0.35,0,0.21,73,0.52,4.11,19.18,47.95,0,28.77,10,73,-1.145547281,41.735,0.2117
CYLow18-17,2017,4.166666667,CYLow18,CY,Low,18,Low18,CY18,A,C,AC,4,0.047533,0.037599,0.085132,0.098563,0.863733,4.83,10.798,0.87699,12.31257,0,0.06,0,0.1,0.43,0.12,0.08,0,73,0.73,13.7,58.9,16.44,10.96,0,17,73,1.248645,36.36666667,
CYHigh19-16,2016,9.318181818,CYHigh19,CY,High,19,High19,CY19,W,R,WR,4,0,0.023684508,0.023684508,0.005744811,4.122765396,7,7.126,0.40443,17.61986005,0.2,0.2,0.03,0.03,0.01,0.2,0,0.29,53,0.24,5.66,1.89,37.74,0,54.72,4,53,-1.750281774,46,0.5812
CYLow19-16,2016,9.5,CYLow19,CY,Low,19,Low19,CY19,W,C,WC,4,0.129037,0.400843,0.52988,0.451419,1.173811,5.05,9.6352,0.773,12.46468,0,0.04,0,0.29,0.39,0.11,0.01,0,8,0.8,36.25,48.75,13.75,1.25,0,17,80,1.295486,19.5,0.578
CYHigh19-17,2017,8.875,CYHigh19,CY,High,19,High19,CY19,W,R,WR,4,0,0.023684508,0.023684508,0.005744811,4.122765396,7,7.126,0.40443,17.61986005,0.2,0.2,0.03,0.03,0.01,0.2,0,0.29,53,0.24,5.66,1.89,37.74,0,54.72,4,53,-1.750281774,42.83,0.1953
CYLow19-17,2017,5.416666667,CYLow19,CY,Low,19,Low19,CY19,W,C,WC,4,0.129037,0.400843,0.52988,0.451419,1.173811,5.05,9.6352,0.773,12.46468,0,0.04,0,0.29,0.39,0.11,0.01,0,8,0.8,36.25,48.75,13.75,1.25,0,17,80,1.295486,33.52333333,
CYHigh20-16,2016,9.5,CYHigh20,CY,High,20,High20,CY20,A,R,AR,4,0.000710892,0.068140446,0.068851338,0.019852216,3.46819408,7,14.067,0.87492,16.07804142,0.04,0.08,0.04,0.04,0.14,0.12,0,0.44,74,0.3,5.41,18.92,16.22,0,59.46,7,74,-1.135976645,25.25,0.1732
CYLow20-16,2016,10.63636364,CYLow20,CY,Low,20,Low20,CY20,W,R,WR,4,0.124107,0.306126,0.430234,0.368805,1.166563,5.23,13.136,1.0131,12.96614,0,0.04,0,0.15,0.49,0,0.02,0.03,69,0.66,21.74,71.01,0,2.9,4.35,17,69,1.62306,21.75,1.2527
CYHigh20-17,2017,8.6875,CYHigh20,CY,High,20,High20,CY20,A,R,AR,4,0.000710892,0.068140446,0.068851338,0.019852216,3.46819408,7,14.067,0.87492,16.07804142,0.04,0.08,0.04,0.04,0.14,0.12,0,0.44,74,0.3,5.41,18.92,16.22,0,59.46,7,74,-1.135976645,34.75,0.168
CYLow20-17,2017,3.0625,CYLow20,CY,Low,20,Low20,CY20,W,R,WR,4,0.124107,0.306126,0.430234,0.368805,1.166563,5.23,13.136,1.0131,12.96614,0,0.04,0,0.15,0.49,0,0.02,0.03,69,0.66,21.74,71.01,0,2.9,4.35,17,69,1.62306,35.81333333,
CYHigh21-16,2016,9.35,CYHigh21,CY,High,21,High21,CY21,A,R,AR,4,0,0.044493665,0.044493665,0.008886837,5.006693045,7.04,8.3688,0.32163,26.01996082,0.26,0.08,0.04,0.04,0.07,0.11,0,0.24,46,0.22,8.7,15.22,23.91,0,52.17,7,46,-1.136010667,35,0.1883
CYLow21-16,2016,10.18181818,CYLow21,CY,Low,21,Low21,CY21,A,R,AR,4,0.051148,0.267068,0.318216,0.200997,1.58319,5.13,8.7581,0.69348,12.6292,0,0.08,0,0.18,0.44,0,0.02,0.01,65,0.64,27.69,67.69,0,3.08,1.54,17,65,1.745067,22.25,0.9054
CYHigh21-17,2017,8.1875,CYHigh21,CY,High,21,High21,CY21,A,R,AR,4,0,0.044493665,0.044493665,0.008886837,5.006693045,7.04,8.3688,0.32163,26.01996082,0.26,0.08,0.04,0.04,0.07,0.11,0,0.24,46,0.22,8.7,15.22,23.91,0,52.17,7,46,-1.136010667,36.35,0.1216
CYLow21-17,2017,1.833333333,CYLow21,CY,Low,21,Low21,CY21,A,R,AR,4,0.051148,0.267068,0.318216,0.200997,1.58319,5.13,8.7581,0.69348,12.6292,0,0.08,0,0.18,0.44,0,0.02,0.01,65,0.64,27.69,67.69,0,3.08,1.54,17,65,1.745067,38.8,
CYHigh22-16,2016,10.3,CYHigh22,CY,High,22,High22,CY22,W,C,WC,4,0,0.068140446,0.068140446,0.02530789,2.692458597,7.13,11.845,0.68538,17.2823835,0,0.17,0.04,0.2,0.06,0.21,0,0.2,67,0.47,29.85,8.96,31.34,0,29.85,9,67,-0.515327017,33.75,0.2727
CYLow22-16,2016,10.72727273,CYLow22,CY,Low,22,Low22,CY22,W,C,WC,4,0.122135,0.301244,0.42338,0.326332,1.29739,5.26,11.009,0.8427,13.06396,0,0.03,0,0.12,0.56,0.12,0.16,0,96,0.96,12.5,58.33,12.5,16.67,0,16,96,1.452202,20.75,0.5017
CYHigh22-17,2017,9.088235294,CYHigh22,CY,High,22,High22,CY22,W,C,WC,4,0,0.068140446,0.068140446,0.02530789,2.692458597,7.13,11.845,0.68538,17.2823835,0,0.17,0.04,0.2,0.06,0.21,0,0.2,67,0.47,29.85,8.96,31.34,0,29.85,9,67,-0.515327017,43.27,0.073
CYLow22-17,2017,1.354166667,CYLow22,CY,Low,22,Low22,CY22,W,C,WC,4,0.122135,0.301244,0.42338,0.326332,1.29739,5.26,11.009,0.8427,13.06396,0,0.03,0,0.12,0.56,0.12,0.16,0,96,0.96,12.5,58.33,12.5,16.67,0,16,96,1.452202,30.86666667,
CYHigh23-16,2016,8.863636364,CYHigh23,CY,High,23,High23,CY23,A,R,AR,4,0,0.124892685,0.124892685,0.020366377,6.13229761,7.14,5.5905,0.19153,29.18863886,0.25,0.11,0.25,0.02,0.09,0.1,0,0.12,33,0.21,6.06,27.27,30.3,0,36.36,7,33,-0.777869985,26,0.2749
CYLow23-16,2016,8.681818182,CYLow23,CY,Low,23,Low23,CY23,A,C,AC,4,0.102417,0.585395,0.687812,0.24266,2.834464,5.42,14.574,1.1569,12.59746,0,0.02,0,0.19,0.44,0.16,0.17,0,96,0.96,19.79,45.83,16.67,17.71,0,19,96,1.325654,27.25,1.6017
CYHigh23-17,2017,8.4375,CYHigh23,CY,High,23,High23,CY23,A,R,AR,4,0,0.124892685,0.124892685,0.020366377,6.13229761,7.14,5.5905,0.19153,29.18863886,0.25,0.11,0.25,0.02,0.09,0.1,0,0.12,33,0.21,6.06,27.27,30.3,0,36.36,7,33,-0.777869985,33.985,0.1477
CYLow23-17,2017,1.895833333,CYLow23,CY,Low,23,Low23,CY23,A,C,AC,4,0.102417,0.585395,0.687812,0.24266,2.834464,5.42,14.574,1.1569,12.59746,0,0.02,0,0.19,0.44,0.16,0.17,0,96,0.96,19.79,45.83,16.67,17.71,0,19,96,1.325654,39.84333333,
CYHigh24-16,2016,10.13636364,CYHigh24,CY,High,24,High24,CY24,W,R,WR,4,0,0.023684508,0.023684508,0.00814106,2.90926587,6.91,10.123,0.4225,23.95976331,0.05,0.16,0.03,0,0.06,0.2,0,0.41,67,0.26,0,8.96,29.85,0,61.19,6,67,-1.717485181,38.25,0.2152
CYLow24-16,2016,8.045454545,CYLow24,CY,Low,24,Low24,CY24,W,R,WR,4,0.110304,0.356903,0.467207,0.140703,3.320518,5.21,11.44,0.83105,13.76572,0,0.08,0,0.14,0.47,0.03,0.13,0,77,0.77,18.18,61.04,3.9,16.88,0,16,77,1.784866,26.75,0.7731
CYHigh24-17,2017,8.9,CYHigh24,CY,High,24,High24,CY24,W,R,WR,4,0,0.023684508,0.023684508,0.00814106,2.90926587,6.91,10.123,0.4225,23.95976331,0.05,0.16,0.03,0,0.06,0.2,0,0.41,67,0.26,0,8.96,29.85,0,61.19,6,67,-1.717485181,42.55,0.1777
CYLow24-17,2017,5.770833333,CYLow24,CY,Low,24,Low24,CY24,W,R,WR,4,0.110304,0.356903,0.467207,0.140703,3.320518,5.21,11.44,0.83105,13.76572,0,0.08,0,0.14,0.47,0.03,0.13,0,77,0.77,18.18,61.04,3.9,16.88,0,16,77,1.784866,34.45666667,
CYHigh25-16,2016,7.1,CYHigh25,CY,High,25,High25,CY25,A,C,AC,4,8.03E-05,0.090841339,0.090921639,0.024158718,3.763512575,6.56,8.9952,0.50067,17.96632512,0.02,0.07,0.01,0.2,0,0.3,0,0.09,59,0.5,33.9,0,50.85,0,15.25,3,59,-0.672448994,38.5,0.2957
CYLow25-16,2016,9.863636364,CYLow25,CY,Low,25,Low25,CY25,A,C,AC,4.00E+00,0.103403,0.567328,0.670731,0.44043,1.522898,5.34,16.19,1.1587,13.97256,0,0.03,0,0.08,0.37,0.21,0.36,0,102,1.02,7.84,36.27,20.59,35.29,0,17,102,1.34074,30.75,0.6814
CYHigh25-17,2017,5.5625,CYHigh25,CY,High,25,High25,CY25,A,C,AC,4,8.03E-05,0.090841339,0.090921639,0.024158718,3.763512575,6.56,8.9952,0.50067,17.96632512,0.02,0.07,0.01,0.2,0,0.3,0,0.09,59,0.5,33.9,0,50.85,0,15.25,3,59,-0.672448994,39.235,0.1896
CYLow25-17,2017,2.9375,CYLow25,CY,Low,25,Low25,CY25,A,C,AC,4.00E+00,0.103403,0.567328,0.670731,0.44043,1.522898,5.34,16.19,1.1587,13.97256,0,0.03,0,0.08,0.37,0.21,0.36,0,102,1.02,7.84,36.27,20.59,35.29,0,17,102,1.34074,43.15666667,
CYHigh26-16,2016,9.272727273,CYHigh26,CY,High,26,High26,CY26,W,C,WC,4,0.00123971,0.135297264,0.136536974,0.017927312,7.616143123,6.92,11.863,0.41324,28.70728874,0.15,0.05,0.03,0.21,0.08,0.17,0,0.41,87,0.46,24.14,9.2,19.54,0,47.13,6,87,-0.748261579,28.5,0.1811
CYLow26-16,2016,9.636363636,CYLow26,CY,Low,26,Low26,CY26,W,C,WC,4,0.061665,0.260163,0.321828,0.465347,0.691587,5.33,14.203,1.2119,11.71961,0,0.04,0,0.18,0.42,0.03,0.07,0.01,71,0.7,25.35,59.15,4.23,9.86,1.41,16,71,1.660613,22.5,1.1823
CYHigh26-17,2017,8.104166667,CYHigh26,CY,High,26,High26,CY26,W,C,WC,4,0.00123971,0.135297264,0.136536974,0.017927312,7.616143123,6.92,11.863,0.41324,28.70728874,0.15,0.05,0.03,0.21,0.08,0.17,0,0.41,87,0.46,24.14,9.2,19.54,0,47.13,6,87,-0.748261579,35.785,0.1967
CYLow26-17,2017,2.895833333,CYLow26,CY,Low,26,Low26,CY26,W,C,WC,4,0.061665,0.260163,0.321828,0.465347,0.691587,5.33,14.203,1.2119,11.71961,0,0.04,0,0.18,0.42,0.03,0.07,0.01,71,0.7,25.35,59.15,4.23,9.86,1.41,16,71,1.660613,31.01,
CYHigh27-16,2016,8.25,CYHigh27,CY,High,27,High27,CY27,A,C,AC,4,0.002786576,0.025576257,0.028362833,0.005587289,5.076313933,7.14,10.082,0.60599,16.63723824,0.01,0.15,0.03,0.04,0.1,0.25,0,0.43,82,0.39,4.88,12.2,30.49,0,52.44,6,82,-1.39768405,34,0.0786
CYLow27-16,2016,9.545454545,CYLow27,CY,Low,27,Low27,CY27,A,R,AR,4,0.155657,0.008581,0.164238,0.604398,0.271738,5.37,14.43,1.0998,13.12057,0,0.07,0,0.2,0.6,0,0.17,0,97,0.97,20.62,61.86,0,17.53,0,19,97,1.941532,25.5,0.6696
CYHigh27-17,2017,7.416666667,CYHigh27,CY,High,27,High27,CY27,A,C,AC,4,0.002786576,0.025576257,0.028362833,0.005587289,5.076313933,7.14,10.082,0.60599,16.63723824,0.01,0.15,0.03,0.04,0.1,0.25,0,0.43,82,0.39,4.88,12.2,30.49,0,52.44,6,82,-1.39768405,42.05,0.1792
CYLow27-17,2017,1.5,CYLow27,CY,Low,27,Low27,CY27,A,R,AR,4,0.155657,0.008581,0.164238,0.604398,0.271738,5.37,14.43,1.0998,13.12057,0,0.07,0,0.2,0.6,0,0.17,0,97,0.97,20.62,61.86,0,17.53,0,19,97,1.941532,36.6,
CYHigh28-16,2016,11,CYHigh28,CY,High,28,High28,CY28,W,C,WC,4,0.000930452,0.020846898,0.02177735,0.005169561,4.21261109,7.08,11.207,0.83784,13.37606226,0.03,0.04,0.01,0.21,0.14,0.24,0,0.24,83,0.59,25.3,16.87,28.92,0,28.92,8,83,-0.400661416,34.25,0.5444
CYLow28-16,2016,9.045454545,CYLow28,CY,Low,28,Low28,CY28,W,R,WR,4,0.112605,0.27284,0.385445,0.730942,0.527326,5.61,15.933,1.118,14.25134,0,0.08,0,0.1,0.46,0,0.17,0,73,0.73,13.7,63.01,0,23.29,0,13,73,1.987007,20.25,0.3667
CYHigh28-17,2017,9.5,CYHigh28,CY,High,28,High28,CY28,W,C,WC,4,0.000930452,0.020846898,0.02177735,0.005169561,4.21261109,7.08,11.207,0.83784,13.37606226,0.03,0.04,0.01,0.21,0.14,0.24,0,0.24,83,0.59,25.3,16.87,28.92,0,28.92,8,83,-0.400661416,36.25,0.3185
CYLow28-17,2017,2.5625,CYLow28,CY,Low,28,Low28,CY28,W,R,WR,4,0.112605,0.27284,0.385445,0.730942,0.527326,5.61,15.933,1.118,14.25134,0,0.08,0,0.1,0.46,0,0.17,0,73,0.73,13.7,63.01,0,23.29,0,13,73,1.987007,28.12333333,
CYHigh29-16,2016,8.388888889,CYHigh29,CY,High,29,High29,CY29,W,C,WC,4,0.002786576,0.043547804,0.04633438,0.017393063,2.663957464,7.24,15.658,1.1382,13.756809,0.04,0.04,0.03,0.12,0.15,0.25,0,0.3,82,0.52,14.63,18.29,30.49,0,36.59,6,82,-0.774115814,43,0.7219
CYLow29-16,2016,8.454545455,CYLow29,CY,Low,29,Low29,CY29,W,C,WC,4,0.063308,0.469815,0.533124,0.507642,1.050196,5.49,18.4,1.3342,13.79104,0,0.08,0,0.17,0.34,0.35,0.09,0,95,0.95,17.89,35.79,36.84,9.47,0,16,95,0.488536,18.75,0.8663
CYHigh29-17,2017,6.4375,CYHigh29,CY,High,29,High29,CY29,W,C,WC,4,0.002786576,0.043547804,0.04633438,0.017393063,2.663957464,7.24,15.658,1.1382,13.756809,0.04,0.04,0.03,0.12,0.15,0.25,0,0.3,82,0.52,14.63,18.29,30.49,0,36.59,6,82,-0.774115814,48.035,0.2714
CYLow29-17,2017,1.791666667,CYLow29,CY,Low,29,Low29,CY29,W,C,WC,4,0.063308,0.469815,0.533124,0.507642,1.050196,5.49,18.4,1.3342,13.79104,0,0.08,0,0.17,0.34,0.35,0.09,0,95,0.95,17.89,35.79,36.84,9.47,0,16,95,0.488536,31.26666667,
CYHigh30-16,2016,8.166666667,CYHigh30,CY,High,30,High30,CY30,A,C,AC,4,,0.053006508,,0.011951914,,6.63,8.3046,0.46374,17.90787942,0.02,0.04,0.02,0.28,0.1,0.04,0,0.15,57,0.42,49.12,17.54,7.02,0,26.32,6,57,0.560355658,33.75,0.211
CYLow30-16,2016,8.227272727,CYLow30,CY,Low,30,Low30,CY30,W,R,WR,4,0.034388,0.148999,0.183387,0.97584,0.187927,5.48,19.782,1.4114,14.01587,0,0.01,0,0.24,0.38,0,0.04,0,66,0.66,36.36,57.58,0,6.06,0,18,66,1.854755,20.5,0.8629
CYHigh30-17,2017,7.208333333,CYHigh30,CY,High,30,High30,CY30,A,C,AC,4,,0.053006508,,0.011951914,,6.63,8.3046,0.46374,17.90787942,0.02,0.04,0.02,0.28,0.1,0.04,0,0.15,57,0.42,49.12,17.54,7.02,0,26.32,6,57,0.560355658,41,0.1577
CYLow30-17,2017,2.520833333,CYLow30,CY,Low,30,Low30,CY30,W,R,WR,4,0.034388,0.148999,0.183387,0.97584,0.187927,5.48,19.782,1.4114,14.01587,0,0.01,0,0.24,0.38,0,0.04,0,66,0.66,36.36,57.58,0,6.06,0,18,66,1.854755,35.29,
CYHigh31-16,2016,8.444444444,CYHigh31,CY,High,31,High31,CY31,W,C,WC,4,0.003405172,0.126784434,0.130189606,,,7.17,7.6697,0.2733,28.0633004,0.04,0.03,0,0.2,0.11,0.08,0,0.17,56,0.39,35.71,19.64,14.29,0,30.36,9,56,0.108247004,34.75,0.3913
CYLow31-16,2016,8.409090909,CYLow31,CY,Low,31,Low31,CY31,A,R,AR,4,0.092557,0.242611,0.335169,0.190404,1.760304,5.51,19.976,1.4153,14.11432,0,0.17,0,0.14,0.38,0,0.04,0.01,57,0.56,24.56,66.67,0,7.02,1.75,18,57,1.771954,23.75,0.5052
CYHigh31-17,2017,5.333333333,CYHigh31,CY,High,31,High31,CY31,W,C,WC,4,0.003405172,0.126784434,0.130189606,,,7.17,7.6697,0.2733,28.0633004,0.04,0.03,0,0.2,0.11,0.08,0,0.17,56,0.39,35.71,19.64,14.29,0,30.36,9,56,0.108247004,40.165,0.1086
CYLow31-17,2017,1.8125,CYLow31,CY,Low,31,Low31,CY31,A,R,AR,4,0.092557,0.242611,0.335169,0.190404,1.760304,5.51,19.976,1.4153,14.11432,0,0.17,0,0.14,0.38,0,0.04,0.01,57,0.56,24.56,66.67,0,7.02,1.75,18,57,1.771954,35.86666667,
CYHigh32-16,2016,8.166666667,CYHigh32,CY,High,32,High32,CY32,A,R,AR,4,0.006498127,0.034089086,0.040587213,0.01632224,2.48662028,7.27,7.0272,0.33818,20.77946656,0.3,0.02,0.04,0.04,0.16,0.08,0,0.25,53,0.28,7.55,30.19,15.09,0,47.17,6,53,-0.6229778,40.25,0.1551
CYLow32-16,2016,9.181818182,CYLow32,CY,Low,32,Low32,CY32,A,C,AC,4,0.049177,0.393756,0.442932,0.504274,0.878356,5.43,15.572,1.05785,14.72042,0,0.04,0,0.18,0.29,0.16,0.12,0,75,0.75,24,38.67,21.33,16,0,21,75,1.144825,19.25,0.9757
CYHigh32-17,2017,7.229166667,CYHigh32,CY,High,32,High32,CY32,A,R,AR,4,0.006498127,0.034089086,0.040587213,0.01632224,2.48662028,7.27,7.0272,0.33818,20.77946656,0.3,0.02,0.04,0.04,0.16,0.08,0,0.25,53,0.28,7.55,30.19,15.09,0,47.17,6,53,-0.6229778,38.665,0.2226
CYLow32-17,2017,1.895833333,CYLow32,CY,Low,32,Low32,CY32,A,C,AC,4,0.049177,0.393756,0.442932,0.504274,0.878356,5.43,15.572,1.05785,14.72042,0,0.04,0,0.18,0.29,0.16,0.12,0,75,0.75,24,38.67,21.33,16,0,21,75,1.144825,37.78,
NZHigh1-16,2016,8.71,NZHigh1,NZ,High,1,High1,NZ1,A,R,AR,5,0.12283,0.048245,0.171075,NA,NA,4.84,0.45237,0.03603,12.55537,75,5,25,5,1.2,0,0,1,7.2,6.2,69.44,16.67,0,0,13.89,5,7.2,1.337358,13.41,0.590986214
NZLow1-16,2016,11.2,NZLow1,NZ,Low,1,Low1,NZ1,W,R,WR,5,0.170074,0.030852,0.200926,NA,NA,4.78,4.1578,0.14466,28.74188,42.5,6.5,2.25,4.5,4.33,15.3,0,58.33,82.45,24.13,5.46,5.25,18.56,0,70.74,13,82.45,-1.6506,37.03,1.076944809
NZHigh1-17,2017,12.57,NZHigh1,NZ,High,1,High1,NZ1,A,R,AR,5,0.12283,0.048245,0.171075,NA,NA,4.84,0.45237,0.03603,12.55537,75,5,25,5,1.2,0,0,1,7.2,6.2,69.44,16.67,0,0,13.89,5,7.2,1.337358,18.48,0.623762511
NZLow1-17,2017,14.93,NZLow1,NZ,Low,1,Low1,NZ1,W,R,WR,5,0.170074,0.030852,0.200926,NA,NA,4.78,4.1578,0.14466,28.74188,42.5,6.5,2.25,4.5,4.33,15.3,0,58.33,82.45,24.13,5.46,5.25,18.56,0,70.74,13,82.45,-1.6506,44.76,1.009111902
NZHigh1-18,2018,14.05,NZHigh1,NZ,High,1,High1,NZ1,A,R,AR,5,0.12283,0.048245,0.171075,NA,NA,4.84,0.45237,0.03603,12.55537,75,5,25,5,1.2,0,0,1,7.2,6.2,69.44,16.67,0,0,13.89,5,7.2,1.337358,10,0.3483296
NZLow1-18,2018,15.22,NZLow1,NZ,Low,1,Low1,NZ1,W,R,WR,5,0.170074,0.030852,0.200926,NA,NA,4.78,4.1578,0.14466,28.74188,42.5,6.5,2.25,4.5,4.33,15.3,0,58.33,82.45,24.13,5.46,5.25,18.56,0,70.74,13,82.45,-1.6506,38.6,0.876023713
NZHigh2-16,2016,9.98,NZHigh2,NZ,High,2,High2,NZ2,A,C,AC,5,0.13682,0.072847,0.209667,NA,NA,4.49,0.75232,0.03331,22.58541,5,5,30,5,1.2,70,0,2.2,78.4,76.2,6.38,1.53,89.29,0,2.81,5,78.4,-1.68163,12.37,2.106244371
NZLow2-16,2016,12.01,NZLow2,NZ,Low,2,Low2,NZ2,W,C,WC,5,0.161739,0.033621,0.19536,NA,NA,4.84,2.5744,0.09995,25.75688,47.5,10.25,7.75,1.5,0.38,67.68,0,9.33,78.88,69.55,1.9,0.48,85.8,0,11.82,12,78.88,-1.90514,39.47,0.8131238
NZHigh2-17,2017,13.95,NZHigh2,NZ,High,2,High2,NZ2,A,C,AC,5,0.13682,0.072847,0.209667,NA,NA,4.49,0.75232,0.03331,22.58541,5,5,30,5,1.2,70,0,2.2,78.4,76.2,6.38,1.53,89.29,0,2.81,5,78.4,-1.68163,18.9,1.051397294
NZLow2-17,2017,15.39,NZLow2,NZ,Low,2,Low2,NZ2,W,C,WC,5,0.161739,0.033621,0.19536,NA,NA,4.84,2.5744,0.09995,25.75688,47.5,10.25,7.75,1.5,0.38,67.68,0,9.33,78.88,69.55,1.9,0.48,85.8,0,11.82,12,78.88,-1.90514,37.92,0.897614643
NZHigh2-18,2018,14.06,NZHigh2,NZ,High,2,High2,NZ2,A,C,AC,5,0.13682,0.072847,0.209667,NA,NA,4.49,0.75232,0.03331,22.58541,5,5,30,5,1.2,70,0,2.2,78.4,76.2,6.38,1.53,89.29,0,2.81,5,78.4,-1.68163,11.6,1.3066481
NZHigh3-16,2016,9.01,NZHigh3,NZ,High,3,High3,NZ3,W,C,WC,5,0.118833,0.035296,0.154129,NA,NA,4.42,0.72685,0.02472,29.40332,50,15,10,3,0,40,0,1,44,43,6.82,0,90.91,0,2.27,2,44,-1.72018,6.7,0.375190338
NZLow3-16,2016,11.37,NZLow3,NZ,Low,3,Low3,NZ3,A,R,AR,5,0.161739,0.049047,0.210786,NA,NA,4.68,2.2756,0.05666,40.16237,5.75,3,1.5,4.03,2.93,11.7,0,95.45,114.1,18.65,3.53,2.56,10.25,0,83.65,17,114.1,-1.83864,26.03,0.626202579
NZHigh3-17,2017,15.08,NZHigh3,NZ,High,3,High3,NZ3,W,C,WC,5,0.118833,0.035296,0.154129,NA,NA,4.42,0.72685,0.02472,29.40332,50,15,10,3,0,40,0,1,44,43,6.82,0,90.91,0,2.27,2,44,-1.72018,11.82,1.450165904
NZLow3-17,2017,15.08,NZLow3,NZ,Low,3,Low3,NZ3,A,R,AR,5,0.161739,0.049047,0.210786,NA,NA,4.68,2.2756,0.05666,40.16237,5.75,3,1.5,4.03,2.93,11.7,0,95.45,114.1,18.65,3.53,2.56,10.25,0,83.65,17,114.1,-1.83864,30.34,0.561823237
NZHigh3-18,2018,15.48,NZHigh3,NZ,High,3,High3,NZ3,W,C,WC,5,0.118833,0.035296,0.154129,NA,NA,4.42,0.72685,0.02472,29.40332,50,15,10,3,0,40,0,1,44,43,6.82,0,90.91,0,2.27,2,44,-1.72018,6.1,1.3875162
NZHigh4-16,2016,8.65,NZHigh4,NZ,High,4,High4,NZ4,A,R,AR,5,0.126827,0.079322,0.206149,NA,NA,4.55,0.42476,0.03437,12.35845,40,2,60,1,2.2,0,0,2.1,5.3,3.2,18.87,41.51,0,0,39.62,4,5.3,0.246536,10.39,0.439293309
NZLow4-16,2016,12.03,NZLow4,NZ,Low,4,Low4,NZ4,W,R,WR,5,0.136735,0.039159,0.175893,NA,NA,4.77,2.7517,0.08168,33.68879,22.5,4.75,2.75,2.28,3.28,18.78,0,77.85,102.18,24.33,2.23,3.21,18.38,0,76.19,15,102.18,-1.85816,29.16,0.327626914
NZHigh4-17,2017,12.75,NZHigh4,NZ,High,4,High4,NZ4,A,R,AR,5,0.126827,0.079322,0.206149,NA,NA,4.55,0.42476,0.03437,12.35845,40,2,60,1,2.2,0,0,2.1,5.3,3.2,18.87,41.51,0,0,39.62,4,5.3,0.246536,11.76,0.731350142
NZLow4-17,2017,15.59,NZLow4,NZ,Low,4,Low4,NZ4,W,R,WR,5,0.136735,0.039159,0.175893,NA,NA,4.77,2.7517,0.08168,33.68879,22.5,4.75,2.75,2.28,3.28,18.78,0,77.85,102.18,24.33,2.23,3.21,18.38,0,76.19,15,102.18,-1.85816,34.98,0.67360123
NZHigh4-18,2018,14.21,NZHigh4,NZ,High,4,High4,NZ4,A,R,AR,5,0.126827,0.079322,0.206149,NA,NA,4.55,0.42476,0.03437,12.35845,40,2,60,1,2.2,0,0,2.1,5.3,3.2,18.87,41.51,0,0,39.62,4,5.3,0.246536,10.1,0.8451879
NZLow4-18,2018,16.44,NZLow4,NZ,Low,4,Low4,NZ4,W,R,WR,5,0.136735,0.039159,0.175893,NA,NA,4.77,2.7517,0.08168,33.68879,22.5,4.75,2.75,2.28,3.28,18.78,0,77.85,102.18,24.33,2.23,3.21,18.38,0,76.19,15,102.18,-1.85816,28.7,0.524227974
NZHigh5-16,2016,9.59,NZHigh5,NZ,High,5,High5,NZ5,A,C,AC,5,0.115836,0.043065,0.158901,NA,NA,4.57,0.6661,0.03074,21.66884,10,4,50,6,1.3,35,0,1.1,43.4,42.3,13.82,3,80.65,0,2.53,6,43.4,-1.33534,8.73,0.4121138
NZLow5-16,2016,11.55,NZLow5,NZ,Low,5,Low5,NZ5,W,R,WR,5,0.133609,0.053596,0.187205,NA,NA,4.69,3.1174,0.09755,31.95695,8.75,6.5,0.5,1.78,6.55,41.58,0,91.85,141.75,49.9,1.25,4.62,29.33,0,64.8,15,141.75,-1.83254,33.64,1.378071023
NZHigh5-17,2017,12.26,NZHigh5,NZ,High,5,High5,NZ5,A,C,AC,5,0.115836,0.043065,0.158901,NA,NA,4.57,0.6661,0.03074,21.66884,10,4,50,6,1.3,35,0,1.1,43.4,42.3,13.82,3,80.65,0,2.53,6,43.4,-1.33534,12.54,0.559849309
NZLow5-17,2017,14.61,NZLow5,NZ,Low,5,Low5,NZ5,W,R,WR,5,0.133609,0.053596,0.187205,NA,NA,4.69,3.1174,0.09755,31.95695,8.75,6.5,0.5,1.78,6.55,41.58,0,91.85,141.75,49.9,1.25,4.62,29.33,0,64.8,15,141.75,-1.83254,38.64,1.265582268
NZHigh5-18,2018,14.21,NZHigh5,NZ,High,5,High5,NZ5,A,C,AC,5,0.115836,0.043065,0.158901,NA,NA,4.57,0.6661,0.03074,21.66884,10,4,50,6,1.3,35,0,1.1,43.4,42.3,13.82,3,80.65,0,2.53,6,43.4,-1.33534,9.7,0.3584582
NZLow5-18,2018,15.16,NZLow5,NZ,Low,5,Low5,NZ5,W,R,WR,5,0.133609,0.053596,0.187205,NA,NA,4.69,3.1174,0.09755,31.95695,8.75,6.5,0.5,1.78,6.55,41.58,0,91.85,141.75,49.9,1.25,4.62,29.33,0,64.8,15,141.75,-1.83254,38.25,0.982402297
NZHigh6-16,2016,8.18,NZHigh6,NZ,High,6,High6,NZ6,A,R,AR,5,0.134821,0.079322,0.214143,NA,NA,4.59,0.32394,0.02453,13.20587,40,4,60,2,3.1,0.1,0,5,10.2,5.2,19.61,30.39,0.98,0,49.02,6,10.2,-0.14492,9.81,0.6916692
NZLow6-16,2016,12.04,NZLow6,NZ,Low,6,Low6,NZ6,W,C,WC,5,0.154446,0.059331,0.213778,NA,NA,4.65,4.1731,0.11497,36.29729,12.75,4.75,1.5,3.25,5.33,33.9,0,86.93,129.4,42.48,2.51,4.12,26.2,0,67.18,19,129.4,-1.80425,27.23,0.608518866
NZHigh6-17,2017,12,NZHigh6,NZ,High,6,High6,NZ6,A,R,AR,5,0.134821,0.079322,0.214143,NA,NA,4.59,0.32394,0.02453,13.20587,40,4,60,2,3.1,0.1,0,5,10.2,5.2,19.61,30.39,0.98,0,49.02,6,10.2,-0.14492,13.84,0.443354452
NZLow6-17,2017,14.8,NZLow6,NZ,Low,6,Low6,NZ6,W,C,WC,5,0.154446,0.059331,0.213778,NA,NA,4.65,4.1731,0.11497,36.29729,12.75,4.75,1.5,3.25,5.33,33.9,0,86.93,129.4,42.48,2.51,4.12,26.2,0,67.18,19,129.4,-1.80425,33.12,1.104078946
NZHigh7-16,2016,9.03,NZHigh7,NZ,High,7,High7,NZ7,W,R,WR,5,0.143815,0.040476,0.18429,NA,NA,4.6,0.46749,0.02569,18.19735,80,5,15,4,0,0.1,0,2,6.1,4.1,65.57,0,1.64,0,32.79,2,6.1,0.550431,8.71,0.6489345
NZLow7-16,2016,11.6,NZLow7,NZ,Low,7,Low7,NZ7,W,C,WC,5,0.159655,0.056563,0.216218,NA,NA,5.01,1.9303,0.06409,30.11858,40,9,0.75,3,0.3,41.3,0,47.05,91.65,44.6,3.27,0.33,45.06,0,51.34,13,91.65,-1.8979,24.87,0.644367963
NZHigh7-17,2017,13.14,NZHigh7,NZ,High,7,High7,NZ7,W,R,WR,5,0.143815,0.040476,0.18429,NA,NA,4.6,0.46749,0.02569,18.19735,80,5,15,4,0,0.1,0,2,6.1,4.1,65.57,0,1.64,0,32.79,2,6.1,0.550431,15.28,0.836447032
NZHigh7-18,2018,13.83,NZHigh7,NZ,High,7,High7,NZ7,W,R,WR,5,0.143815,0.040476,0.18429,NA,NA,4.6,0.46749,0.02569,18.19735,80,5,15,4,0,0.1,0,2,6.1,4.1,65.57,0,1.64,0,32.79,2,6.1,0.550431,7.6,1.8888944
NZHigh8-16,2016,9.03,NZHigh8,NZ,High,8,High8,NZ8,A,C,AC,5,0.119833,0.036591,0.156424,NA,NA,4.51,0.6981,0.04766,14.6475,30,6,40,6,3,40,0,1.1,50.1,49,11.98,5.99,79.84,0,2.2,5,50.1,-1.29682,9.39,0.677764877
NZLow8-16,2016,11.82,NZLow8,NZ,Low,8,Low8,NZ8,W,R,WR,5,0.151321,0.088404,0.239724,NA,NA,4.9,1.8736,0.05515,33.9728,31.25,4.5,0.5,3,4.63,20.1,0,72.63,100.35,27.73,2.99,4.61,20.03,0,72.37,19,100.35,-1.77256,40.42,0.711046056
NZHigh8-17,2017,14.02,NZHigh8,NZ,High,8,High8,NZ8,A,C,AC,5,0.119833,0.036591,0.156424,NA,NA,4.51,0.6981,0.04766,14.6475,30,6,40,6,3,40,0,1.1,50.1,49,11.98,5.99,79.84,0,2.2,5,50.1,-1.29682,14.44,0.833575038
NZLow8-17,2017,15.44,NZLow8,NZ,Low,8,Low8,NZ8,W,R,WR,5,0.151321,0.088404,0.239724,NA,NA,4.9,1.8736,0.05515,33.9728,31.25,4.5,0.5,3,4.63,20.1,0,72.63,100.35,27.73,2.99,4.61,20.03,0,72.37,19,100.35,-1.77256,43.1,1.035806451
NZLow8-18,2018,15.97,NZLow8,NZ,Low,8,Low8,NZ8,W,R,WR,5,0.151321,0.088404,0.239724,NA,NA,4.9,1.8736,0.05515,33.9728,31.25,4.5,0.5,3,4.63,20.1,0,72.63,100.35,27.73,2.99,4.61,20.03,0,72.37,19,100.35,-1.77256,40.55,0.862995372
NZHigh9-16,2016,10.53,NZHigh9,NZ,High,9,High9,NZ9,W,C,WC,5,0.141816,0.023642,0.165458,NA,NA,4.47,0.9567,0.04587,20.85677,45,7,6,1,1,50,0,0.1,52.1,52,1.92,1.92,95.97,0,0.19,3,52.1,-1.83913,7.47,1.314069328
NZLow9-16,2016,12.58,NZLow9,NZ,Low,9,Low9,NZ9,W,C,WC,5,0.149237,0.030061,0.179298,NA,NA,4.82,2.4649,0.07104,34.69735,28.75,5.5,0.5,4.05,2.15,71.45,0,57.93,135.58,77.65,2.99,1.59,52.7,0,42.73,16,135.58,-1.85358,32.55,1.015962121
NZHigh9-17,2017,15.06,NZHigh9,NZ,High,9,High9,NZ9,W,C,WC,5,0.141816,0.023642,0.165458,NA,NA,4.47,0.9567,0.04587,20.85677,45,7,6,1,1,50,0,0.1,52.1,52,1.92,1.92,95.97,0,0.19,3,52.1,-1.83913,13,0.70670244
NZLow9-17,2017,15.41,NZLow9,NZ,Low,9,Low9,NZ9,W,C,WC,5,0.149237,0.030061,0.179298,NA,NA,4.82,2.4649,0.07104,34.69735,28.75,5.5,0.5,4.05,2.15,71.45,0,57.93,135.58,77.65,2.99,1.59,52.7,0,42.73,16,135.58,-1.85358,37.12,1.181671528
NZHigh9-18,2018,15.28,NZHigh9,NZ,High,9,High9,NZ9,W,C,WC,5,0.141816,0.023642,0.165458,NA,NA,4.47,0.9567,0.04587,20.85677,45,7,6,1,1,50,0,0.1,52.1,52,1.92,1.92,95.97,0,0.19,3,52.1,-1.83913,9.5,1.3768402
NZHigh10-16,2016,10.74,NZHigh10,NZ,High,10,High10,NZ10,W,R,WR,5,0.143815,0.056014,0.199829,NA,NA,4.43,0.42649,0.02931,14.55101,40,3,55,6,5,3,0,3,17,14,35.29,29.41,17.65,0,17.65,3,17,0.465803,5.2,0.566995365
NZLow10-16,2016,11.5,NZLow10,NZ,Low,10,Low10,NZ10,W,R,WR,5,0.153404,0.023139,0.176544,NA,NA,4.6,4.5182,0.15508,29.13464,8.5,5.75,0.25,12.05,17.63,28.03,0,49.88,107.58,57.7,11.2,16.38,26.05,0,46.36,19,107.58,-0.98903,41.28,1.988361152
NZHigh10-17,2017,14.44,NZHigh10,NZ,High,10,High10,NZ10,W,R,WR,5,0.143815,0.056014,0.199829,NA,NA,4.43,0.42649,0.02931,14.55101,40,3,55,6,5,3,0,3,17,14,35.29,29.41,17.65,0,17.65,3,17,0.465803,11.96,0.598384391
NZLow10-17,2017,14.95,NZLow10,NZ,Low,10,Low10,NZ10,W,R,WR,5,0.153404,0.023139,0.176544,NA,NA,4.6,4.5182,0.15508,29.13464,8.5,5.75,0.25,12.05,17.63,28.03,0,49.88,107.58,57.7,11.2,16.38,26.05,0,46.36,19,107.58,-0.98903,43.3,1.8171467
NZHigh10-18,2018,15.49,NZHigh10,NZ,High,10,High10,NZ10,W,R,WR,5,0.143815,0.056014,0.199829,NA,NA,4.43,0.42649,0.02931,14.55101,40,3,55,6,5,3,0,3,17,14,35.29,29.41,17.65,0,17.65,3,17,0.465803,7.4,1.1560838
NZLow10-18,2018,16.06,NZLow10,NZ,Low,10,Low10,NZ10,W,R,WR,5,0.153404,0.023139,0.176544,NA,NA,4.6,4.5182,0.15508,29.13464,8.5,5.75,0.25,12.05,17.63,28.03,0,49.88,107.58,57.7,11.2,16.38,26.05,0,46.36,19,107.58,-0.98903,55.55,0.840853117
NZHigh11-16,2016,8.63,NZHigh11,NZ,High,11,High11,NZ11,A,R,AR,5,0.131824,0.079322,0.211145,NA,NA,4.67,0.36691,0.02965,12.3747,45,4,40,3,12.1,0,0,2,17.1,15.1,17.54,70.76,0,0,11.7,3,17.1,1.303677,8.1,0.335473469
NZLow11-16,2016,11.8,NZLow11,NZ,Low,11,Low11,NZ11,W,C,WC,5,0.095519,0.027688,0.123207,NA,NA,4.67,2.8454,0.092445,30.77938,17.5,8,6.25,1.03,2.08,40.68,0,76.1,119.88,43.78,0.86,1.73,33.93,0,63.48,16,119.88,-1.9532,17.33,1.317786498
NZHigh11-17,2017,13.7,NZHigh11,NZ,High,11,High11,NZ11,A,R,AR,5,0.131824,0.079322,0.211145,NA,NA,4.67,0.36691,0.02965,12.3747,45,4,40,3,12.1,0,0,2,17.1,15.1,17.54,70.76,0,0,11.7,3,17.1,1.303677,13.5,0.487037903
NZLow11-17,2017,15.6,NZLow11,NZ,Low,11,Low11,NZ11,W,C,WC,5,0.095519,0.027688,0.123207,NA,NA,4.67,2.8454,0.092445,30.77938,17.5,8,6.25,1.03,2.08,40.68,0,76.1,119.88,43.78,0.86,1.73,33.93,0,63.48,16,119.88,-1.9532,24.88,0.723320594
NZHigh11-18,2018,14.56,NZHigh11,NZ,High,11,High11,NZ11,A,R,AR,5,0.131824,0.079322,0.211145,NA,NA,4.67,0.36691,0.02965,12.3747,45,4,40,3,12.1,0,0,2,17.1,15.1,17.54,70.76,0,0,11.7,3,17.1,1.303677,5.8,0.776953623
NZLow11-18,2018,15.76,NZLow11,NZ,Low,11,Low11,NZ11,W,C,WC,5,0.095519,0.027688,0.123207,NA,NA,4.67,2.8454,0.092445,30.77938,17.5,8,6.25,1.03,2.08,40.68,0,76.1,119.88,43.78,0.86,1.73,33.93,0,63.48,16,119.88,-1.9532,18.85,0.7175395
NZHigh12-16,2016,10.6,NZHigh12,NZ,High,12,High12,NZ12,W,C,WC,5,0.126827,0.032706,0.159534,NA,NA,4.47,1.1289,0.0646,17.47523,60,15,10,6,0,40,0,0.2,46.2,46,12.99,0,86.58,0,0.43,3,46.2,-1.4765,7.59,0.659906884
NZLow12-16,2016,12.24,NZLow12,NZ,Low,12,Low12,NZ12,W,R,WR,5,0.157572,0.030061,0.187633,NA,NA,4.73,1.8366,0.04613,39.81357,14.5,3.25,11.75,4.3,3.65,13.9,0,75.73,97.58,21.85,4.41,3.74,14.25,0,77.61,20,97.58,-1.75463,23.53,0.783328506
NZHigh12-17,2017,14.71,NZHigh12,NZ,High,12,High12,NZ12,W,C,WC,5,0.126827,0.032706,0.159534,NA,NA,4.47,1.1289,0.0646,17.47523,60,15,10,6,0,40,0,0.2,46.2,46,12.99,0,86.58,0,0.43,3,46.2,-1.4765,13.74,0.837791282
NZLow12-17,2017,16.84,NZLow12,NZ,Low,12,Low12,NZ12,W,R,WR,5,0.157572,0.030061,0.187633,NA,NA,4.73,1.8366,0.04613,39.81357,14.5,3.25,11.75,4.3,3.65,13.9,0,75.73,97.58,21.85,4.41,3.74,14.25,0,77.61,20,97.58,-1.75463,26.35,0.268661015
NZHigh12-18,2018,14.57,NZHigh12,NZ,High,12,High12,NZ12,W,C,WC,5,0.126827,0.032706,0.159534,NA,NA,4.47,1.1289,0.0646,17.47523,60,15,10,6,0,40,0,0.2,46.2,46,12.99,0,86.58,0,0.43,3,46.2,-1.4765,6.6,1.2840748
NZLow12-18,2018,18.27,NZLow12,NZ,Low,12,Low12,NZ12,W,R,WR,5,0.157572,0.030061,0.187633,NA,NA,4.73,1.8366,0.04613,39.81357,14.5,3.25,11.75,4.3,3.65,13.9,0,75.73,97.58,21.85,4.41,3.74,14.25,0,77.61,20,97.58,-1.75463,31.25,1.047711641
NZHigh13-16,2016,8.79,NZHigh13,NZ,High,13,High13,NZ13,A,C,AC,5,0.128883,0.022347,0.15123,NA,NA,4.36,0.74122,0.04405,16.82679,5,5,80,2,1.2,25,0,4,32.2,28.2,6.21,3.73,77.64,0,12.42,5,32.2,-1.61682,14.03,0.423892964
NZLow13-16,2016,11.41,NZLow13,NZ,Low,13,Low13,NZ13,W,C,WC,5,0.15653,0.025908,0.182438,NA,NA,4.74,3.1529,0.11416,27.61826,3.75,6,1.25,3.78,3.68,71.85,0,39.33,118.63,79.3,3.18,3.1,60.57,0,33.15,23,118.63,-1.78029,25.25,2.319725177
NZHigh13-17,2017,13.83,NZHigh13,NZ,High,13,High13,NZ13,A,C,AC,5,0.128883,0.022347,0.15123,NA,NA,4.36,0.74122,0.04405,16.82679,5,5,80,2,1.2,25,0,4,32.2,28.2,6.21,3.73,77.64,0,12.42,5,32.2,-1.61682,20.28,0.397823115
NZLow13-17,2017,14.68,NZLow13,NZ,Low,13,Low13,NZ13,W,C,WC,5,0.15653,0.025908,0.182438,NA,NA,4.74,3.1529,0.11416,27.61826,3.75,6,1.25,3.78,3.68,71.85,0,39.33,118.63,79.3,3.18,3.1,60.57,0,33.15,23,118.63,-1.78029,33.7,1.60047778
NZHigh13-18,2018,14.48,NZHigh13,NZ,High,13,High13,NZ13,A,C,AC,5,0.128883,0.022347,0.15123,NA,NA,4.36,0.74122,0.04405,16.82679,5,5,80,2,1.2,25,0,4,32.2,28.2,6.21,3.73,77.64,0,12.42,5,32.2,-1.61682,12.5,0.3023535
NZLow13-18,2018,15.49,NZLow13,NZ,Low,13,Low13,NZ13,W,C,WC,5,0.15653,0.025908,0.182438,NA,NA,4.74,3.1529,0.11416,27.61826,3.75,6,1.25,3.78,3.68,71.85,0,39.33,118.63,79.3,3.18,3.1,60.57,0,33.15,23,118.63,-1.78029,35.5,1.147113735
NZHigh14-16,2016,9.05,NZHigh14,NZ,High,14,High14,NZ14,W,R,WR,5,0.141494,0.101334,0.242828,NA,NA,4.44,0.99489,0.05671,17.54347,60,5,35,9,2,7,0,1,19,18,47.37,10.53,36.84,0,5.26,4,19,0.254663,9.43,1.432877335
NZLow14-16,2016,12.16,NZLow14,NZ,Low,14,Low14,NZ14,W,R,WR,5,0.142986,0.021755,0.164741,NA,NA,4.93,2.0191,0.08123,24.85658,57.5,2.5,15.5,1.85,8.95,7.98,0,26.9,45.68,18.78,4.05,19.59,17.46,0,58.89,23,45.68,-1.16362,41.02,1.646143682
NZHigh14-17,2017,14.69,NZHigh14,NZ,High,14,High14,NZ14,W,R,WR,5,0.141494,0.101334,0.242828,NA,NA,4.44,0.99489,0.05671,17.54347,60,5,35,9,2,7,0,1,19,18,47.37,10.53,36.84,0,5.26,4,19,0.254663,17.92,1.381674142
NZLow14-17,2017,15.3,NZLow14,NZ,Low,14,Low14,NZ14,W,R,WR,5,0.142986,0.021755,0.164741,NA,NA,4.93,2.0191,0.08123,24.85658,57.5,2.5,15.5,1.85,8.95,7.98,0,26.9,45.68,18.78,4.05,19.59,17.46,0,58.89,23,45.68,-1.16362,38.02,1.037538107
NZHigh14-18,2018,13.97,NZHigh14,NZ,High,14,High14,NZ14,W,R,WR,5,0.141494,0.101334,0.242828,NA,NA,4.44,0.99489,0.05671,17.54347,60,5,35,9,2,7,0,1,19,18,47.37,10.53,36.84,0,5.26,4,19,0.254663,11.8,2.3093639
NZLow14-18,2018,15.97,NZLow14,NZ,Low,14,Low14,NZ14,W,R,WR,5,0.142986,0.021755,0.164741,NA,NA,4.93,2.0191,0.08123,24.85658,57.5,2.5,15.5,1.85,8.95,7.98,0,26.9,45.68,18.78,4.05,19.59,17.46,0,58.89,23,45.68,-1.16362,51.1,0.704144559
NZHigh15-16,2016,9.14,NZHigh15,NZ,High,15,High15,NZ15,W,C,WC,5,0.140524,0.065078,0.205602,NA,NA,4.28,1.5608,0.11731,13.30492,35,15,30,10,2,30,0,2.1,44.1,42,22.68,4.54,68.03,0,4.76,5,44.1,-0.93373,12.5,0.594434373
NZLow15-16,2016,11.99,NZLow15,NZ,Low,15,Low15,NZ15,W,C,WC,5,0.114856,0.041137,0.155992,NA,NA,4.87,1.4118,0.03654,38.63711,2,3.25,0.25,2.5,1.7,29.75,0,94.73,128.68,33.95,1.94,1.32,23.12,0,73.62,17,128.68,-1.93652,28.83,1.337854899
NZHigh15-17,2017,15.37,NZHigh15,NZ,High,15,High15,NZ15,W,C,WC,5,0.140524,0.065078,0.205602,NA,NA,4.28,1.5608,0.11731,13.30492,35,15,30,10,2,30,0,2.1,44.1,42,22.68,4.54,68.03,0,4.76,5,44.1,-0.93373,21.48,1.1746282
NZLow15-17,2017,15.02,NZLow15,NZ,Low,15,Low15,NZ15,W,C,WC,5,0.114856,0.041137,0.155992,NA,NA,4.87,1.4118,0.03654,38.63711,2,3.25,0.25,2.5,1.7,29.75,0,94.73,128.68,33.95,1.94,1.32,23.12,0,73.62,17,128.68,-1.93652,36.5,0.741728472
NZHigh15-18,2018,15.2,NZHigh15,NZ,High,15,High15,NZ15,W,C,WC,5,0.140524,0.065078,0.205602,NA,NA,4.28,1.5608,0.11731,13.30492,35,15,30,10,2,30,0,2.1,44.1,42,22.68,4.54,68.03,0,4.76,5,44.1,-0.93373,13.1,1.7293367
NZLow15-18,2018,16.08,NZLow15,NZ,Low,15,Low15,NZ15,W,C,WC,5,0.114856,0.041137,0.155992,NA,NA,4.87,1.4118,0.03654,38.63711,2,3.25,0.25,2.5,1.7,29.75,0,94.73,128.68,33.95,1.94,1.32,23.12,0,73.62,17,128.68,-1.93652,36.9,1.028232096
NZLow16-16,2016,12.39,NZLow16,NZ,Low,16,Low16,NZ16,W,R,WR,5,0.1284,0.054387,0.182787,NA,NA,5,1.83495,0.079178,23.17514,35,15.25,10,8.83,6,14.58,0,19.4,48.8,29.4,18.08,12.3,29.87,0,39.75,24,48.8,-0.86344,40.77,1.599305978
NZHigh16-16,2016,9.21,NZHigh16,NZ,High,16,High16,NZ16,A,C,AC,5,0.135674,0.061193,0.196867,NA,NA,4.38,0.71809,0.03725,19.27758,12,15,7,3,2,75,0,5.1,85.1,80,3.53,2.35,88.13,0,5.99,3,85.1,-1.76616,11.79,0.5620069
NZLow16-17,2017,15.95,NZLow16,NZ,Low,16,Low16,NZ16,W,R,WR,5,0.1284,0.054387,0.182787,NA,NA,5,1.83495,0.079178,23.17514,35,15.25,10,8.83,6,14.58,0,19.4,48.8,29.4,18.08,12.3,29.87,0,39.75,24,48.8,-0.86344,44.78,1.349125994
NZHigh16-17,2017,14.05,NZHigh16,NZ,High,16,High16,NZ16,A,C,AC,5,0.135674,0.061193,0.196867,NA,NA,4.38,0.71809,0.03725,19.27758,12,15,7,3,2,75,0,5.1,85.1,80,3.53,2.35,88.13,0,5.99,3,85.1,-1.76616,17.6,0.664025254
NZLow16-18,2018,16.53,NZLow16,NZ,Low,16,Low16,NZ16,W,R,WR,5,0.1284,0.054387,0.182787,NA,NA,5,1.83495,0.079178,23.17514,35,15.25,10,8.83,6,14.58,0,19.4,48.8,29.4,18.08,12.3,29.87,0,39.75,24,48.8,-0.86344,48.25,1.294591834
NZHigh16-18,2018,14.98,NZHigh16,NZ,High,16,High16,NZ16,A,C,AC,5,0.135674,0.061193,0.196867,NA,NA,4.38,0.71809,0.03725,19.27758,12,15,7,3,2,75,0,5.1,85.1,80,3.53,2.35,88.13,0,5.99,3,85.1,-1.76616,11.1,0.8582894
NZHigh17-16,2016,8.44,NZHigh17,NZ,High,17,High17,NZ17,A,R,AR,5,0.143434,0.060789,0.204223,NA,NA,4.4,0.58848,0.02063,28.52545,55,25,20,6,0,0,0,1.1,7.1,6,84.51,0,0,0,15.49,1,7.1,1.310531,11.74,0.682425018
NZLow17-16,2016,12.59,NZLow17,NZ,Low,17,Low17,NZ17,W,C,WC,5,0.149237,0.036983,0.18622,NA,NA,4.62,5.9304,0.20516,28.90622,1.75,2.75,0.5,4.5,9.95,29.58,0,88.08,132.1,44.03,3.41,7.53,22.39,0,66.67,20,132.1,-1.64235,33.72,0.8500328
NZHigh17-17,2017,13.35,NZHigh17,NZ,High,17,High17,NZ17,A,R,AR,5,0.143434,0.060789,0.204223,NA,NA,4.4,0.58848,0.02063,28.52545,55,25,20,6,0,0,0,1.1,7.1,6,84.51,0,0,0,15.49,1,7.1,1.310531,17.14,0.865030844
NZLow17-17,2017,15.8,NZLow17,NZ,Low,17,Low17,NZ17,W,C,WC,5,0.149237,0.036983,0.18622,NA,NA,4.62,5.9304,0.20516,28.90622,1.75,2.75,0.5,4.5,9.95,29.58,0,88.08,132.1,44.03,3.41,7.53,22.39,0,66.67,20,132.1,-1.64235,49.84,1.622553355
NZHigh17-18,2018,14.09,NZHigh17,NZ,High,17,High17,NZ17,A,R,AR,5,0.143434,0.060789,0.204223,NA,NA,4.4,0.58848,0.02063,28.52545,55,25,20,6,0,0,0,1.1,7.1,6,84.51,0,0,0,15.49,1,7.1,1.310531,10.8,1.3517542
NZHigh18-16,2016,10.54,NZHigh18,NZ,High,18,High18,NZ18,W,R,WR,5,0.125003,0.050367,0.17537,NA,NA,4.5,0.35303,0.01952,18.08555,90,7,4,8,0,1,0,0.1,9.1,9,87.91,0,10.99,0,1.1,2,9.1,1.458661,7.46,0.935283094
NZLow18-16,2016,11.28,NZLow18,NZ,Low,18,Low18,NZ18,A,C,AC,5,0.125274,0.023139,0.148414,NA,NA,4.7,2.4367,0.07904,30.82869,8.5,5.5,0.5,3.53,2.85,48.05,0,82.63,137.05,54.43,2.57,2.08,35.06,0,60.29,15,137.05,-1.86996,23.92,0.667322451
NZHigh18-17,2017,14.3,NZHigh18,NZ,High,18,High18,NZ18,W,R,WR,5,0.125003,0.050367,0.17537,NA,NA,4.5,0.35303,0.01952,18.08555,90,7,4,8,0,1,0,0.1,9.1,9,87.91,0,10.99,0,1.1,2,9.1,1.458661,12.72,1.171761534
NZLow18-17,2017,15.01,NZLow18,NZ,Low,18,Low18,NZ18,A,C,AC,5,0.125274,0.023139,0.148414,NA,NA,4.7,2.4367,0.07904,30.82869,8.5,5.5,0.5,3.53,2.85,48.05,0,82.63,137.05,54.43,2.57,2.08,35.06,0,60.29,15,137.05,-1.86996,34.08,0.892204028
NZHigh19-16,2016,10.16,NZHigh19,NZ,High,19,High19,NZ19,W,C,WC,5,NA,0.048194,NA,NA,NA,4.52,0.43409,0.02297,18.89813,55,5,15,2,0.1,30,0,2.1,34.2,32.1,5.85,0.29,87.72,0,6.14,3,34.2,-1.75149,8.14,1.050468788
NZLow19-16,2016,10.29,NZLow19,NZ,Low,19,Low19,NZ19,A,R,AR,5,0.149237,0.048059,0.197295,NA,NA,4.51,3.2981,0.09325,35.36836,7,2.5,1,1.03,4.63,13.6,0,94.55,113.8,19.25,0.9,4.06,11.95,0,83.08,20,113.8,-1.8857,29.95,1.093847084
NZHigh19-17,2017,14.51,NZHigh19,NZ,High,19,High19,NZ19,W,C,WC,5,NA,0.048194,NA,NA,NA,4.52,0.43409,0.02297,18.89813,55,5,15,2,0.1,30,0,2.1,34.2,32.1,5.85,0.29,87.72,0,6.14,3,34.2,-1.75149,12.64,1.325468546
NZLow19-17,2017,14.01,NZLow19,NZ,Low,19,Low19,NZ19,A,R,AR,5,0.149237,0.048059,0.197295,NA,NA,4.51,3.2981,0.09325,35.36836,7,2.5,1,1.03,4.63,13.6,0,94.55,113.8,19.25,0.9,4.06,11.95,0,83.08,20,113.8,-1.8857,32.12,0.857205033
NZHigh19-18,2018,14.18,NZHigh19,NZ,High,19,High19,NZ19,W,C,WC,5,NA,0.048194,NA,NA,NA,4.52,0.43409,0.02297,18.89813,55,5,15,2,0.1,30,0,2.1,34.2,32.1,5.85,0.29,87.72,0,6.14,3,34.2,-1.75149,6.7,1.5411955
NZLow19-18,2018,15.19,NZLow19,NZ,Low,19,Low19,NZ19,A,R,AR,5,0.149237,0.048059,0.197295,NA,NA,4.51,3.2981,0.09325,35.36836,7,2.5,1,1.03,4.63,13.6,0,94.55,113.8,19.25,0.9,4.06,11.95,0,83.08,20,113.8,-1.8857,36.9,0.703294847
NZHigh20-16,2016,8.68,NZHigh20,NZ,High,20,High20,NZ20,A,R,AR,5,0.170042,0.04624,0.216282,NA,NA,4.61,0.22617,0.00666,33.95946,72,1,25,5,3.1,0,0,0.2,8.3,8.1,60.24,37.35,0,0,2.41,5,8.3,1.752548,9.33,0.181769661
NZLow20-16,2016,11.26,NZLow20,NZ,Low,20,Low20,NZ20,A,C,AC,5,0.133609,0.034214,0.167824,NA,NA,4.76,1.5652,0.03922,39.90821,20.5,7.75,0.25,0.78,3.35,30.58,0,71.1,105.8,34.7,0.73,3.17,28.9,0,67.2,20,105.8,-1.90896,12.1,1.546885804
NZHigh20-17,2017,12.79,NZHigh20,NZ,High,20,High20,NZ20,A,R,AR,5,0.170042,0.04624,0.216282,NA,NA,4.61,0.22617,0.00666,33.95946,72,1,25,5,3.1,0,0,0.2,8.3,8.1,60.24,37.35,0,0,2.41,5,8.3,1.752548,14.2,0.279702446
NZLow20-17,2017,14.87,NZLow20,NZ,Low,20,Low20,NZ20,A,C,AC,5,0.133609,0.034214,0.167824,NA,NA,4.76,1.5652,0.03922,39.90821,20.5,7.75,0.25,0.78,3.35,30.58,0,71.1,105.8,34.7,0.73,3.17,28.9,0,67.2,20,105.8,-1.90896,15.92,1.843692903
NZHigh20-18,2018,13.92,NZHigh20,NZ,High,20,High20,NZ20,A,R,AR,5,0.170042,0.04624,0.216282,NA,NA,4.61,0.22617,0.00666,33.95946,72,1,25,5,3.1,0,0,0.2,8.3,8.1,60.24,37.35,0,0,2.41,5,8.3,1.752548,8.5,0.2528919
NZLow20-18,2018,15.03,NZLow20,NZ,Low,20,Low20,NZ20,A,C,AC,5,0.133609,0.034214,0.167824,NA,NA,4.76,1.5652,0.03922,39.90821,20.5,7.75,0.25,0.78,3.35,30.58,0,71.1,105.8,34.7,0.73,3.17,28.9,0,67.2,20,105.8,-1.90896,10.9,0.916376917
NZHigh21-16,2016,10.21,NZHigh21,NZ,High,21,High21,NZ21,A,C,AC,5,NA,0.04624,NA,NA,NA,4.56,0.20877,0.01581,13.20493,65,0.1,25,3,2.1,12,0,1.1,18.2,17.1,16.48,11.54,65.93,0,6.04,5,18.2,-0.91915,8.89,0.271690791
NZLow21-16,2016,10.79,NZLow21,NZ,Low,21,Low21,NZ21,A,R,AR,5,0.131525,0.063485,0.19501,NA,NA,4.81,1.2686,0.057845,21.93102,7.5,1.75,0.25,3.05,2.06,9.7,0,92.08,106.88,14.81,2.85,1.92,9.08,0,86.15,14,106.88,-1.89167,27.42,0.845462085
NZHigh21-17,2017,13.26,NZHigh21,NZ,High,21,High21,NZ21,A,C,AC,5,NA,0.04624,NA,NA,NA,4.56,0.20877,0.01581,13.20493,65,0.1,25,3,2.1,12,0,1.1,18.2,17.1,16.48,11.54,65.93,0,6.04,5,18.2,-0.91915,12.5,0.418110611
NZLow21-17,2017,14.16,NZLow21,NZ,Low,21,Low21,NZ21,A,R,AR,5,0.131525,0.063485,0.19501,NA,NA,4.81,1.2686,0.057845,21.93102,7.5,1.75,0.25,3.05,2.06,9.7,0,92.08,106.88,14.81,2.85,1.92,9.08,0,86.15,14,106.88,-1.89167,33.48,0.894870525
NZHigh21-18,2018,14.43,NZHigh21,NZ,High,21,High21,NZ21,A,C,AC,5,NA,0.04624,NA,NA,NA,4.56,0.20877,0.01581,13.20493,65,0.1,25,3,2.1,12,0,1.1,18.2,17.1,16.48,11.54,65.93,0,6.04,5,18.2,-0.91915,9.3,0.4743357
NZHigh22-16,2016,9.64,NZHigh22,NZ,High,22,High22,NZ22,A,R,AR,5,0.127913,0.055578,0.183491,NA,NA,4.43,0.32447,0.02635,12.31385,20,3,75,10,3.1,0.1,0,4,17.2,13.2,58.14,18.02,0.58,0,23.26,6,17.2,0.934714,11.74,0.261401818
NZLow22-16,2016,11.08,NZLow22,NZ,Low,22,Low22,NZ22,A,C,AC,5,0.131525,0.055178,0.186704,NA,NA,4.56,2.7414,0.08221,33.34631,3,6,0.28,7.03,5.98,51.05,0,73.85,137.9,64.05,5.09,4.33,37.02,0,53.55,21,137.9,-1.68097,36.83,1.69716138
NZHigh22-17,2017,12.97,NZHigh22,NZ,High,22,High22,NZ22,A,R,AR,5,0.127913,0.055578,0.183491,NA,NA,4.43,0.32447,0.02635,12.31385,20,3,75,10,3.1,0.1,0,4,17.2,13.2,58.14,18.02,0.58,0,23.26,6,17.2,0.934714,16.22,0.416035379
NZLow22-17,2017,14.71,NZLow22,NZ,Low,22,Low22,NZ22,A,C,AC,5,0.131525,0.055178,0.186704,NA,NA,4.56,2.7414,0.08221,33.34631,3,6,0.28,7.03,5.98,51.05,0,73.85,137.9,64.05,5.09,4.33,37.02,0,53.55,21,137.9,-1.68097,45.04,1.691537177
NZHigh22-18,2018,14.29,NZHigh22,NZ,High,22,High22,NZ22,A,R,AR,5,0.127913,0.055578,0.183491,NA,NA,4.43,0.32447,0.02635,12.31385,20,3,75,10,3.1,0.1,0,4,17.2,13.2,58.14,18.02,0.58,0,23.26,6,17.2,0.934714,12,0.4151019
NZHigh23-16,2016,10.68,NZHigh23,NZ,High,23,High23,NZ23,W,R,WR,5,0.151195,0.034735,0.185929,NA,NA,4.45,0.32893,0.02455,13.39837,45,3,50,7,1,0.1,0,1,9.1,8.1,76.92,10.99,1.1,0,10.99,4,9.1,1.423683,16.91,0.288434756
NZLow23-16,2016,10.44,NZLow23,NZ,Low,23,Low23,NZ23,A,R,AR,5,0.165906,0.041137,0.207043,NA,NA,4.8,2.7225,0.08397,32.42229,13.25,12.5,5.75,17.53,6.7,21.05,0,63,108.28,45.28,16.19,6.19,19.44,0,58.19,28,108.28,-1.18242,58.53,1.093815713
NZHigh23-17,2017,14.73,NZHigh23,NZ,High,23,High23,NZ23,W,R,WR,5,0.151195,0.034735,0.185929,NA,NA,4.45,0.32893,0.02455,13.39837,45,3,50,7,1,0.1,0,1,9.1,8.1,76.92,10.99,1.1,0,10.99,4,9.1,1.423683,23.56,0.594943896
NZLow23-17,2017,13.19,NZLow23,NZ,Low,23,Low23,NZ23,A,R,AR,5,0.165906,0.041137,0.207043,NA,NA,4.8,2.7225,0.08397,32.42229,13.25,12.5,5.75,17.53,6.7,21.05,0,63,108.28,45.28,16.19,6.19,19.44,0,58.19,28,108.28,-1.18242,53.72,0.955302934
NZHigh23-18,2018,15.31,NZHigh23,NZ,High,23,High23,NZ23,W,R,WR,5,0.151195,0.034735,0.185929,NA,NA,4.45,0.32893,0.02455,13.39837,45,3,50,7,1,0.1,0,1,9.1,8.1,76.92,10.99,1.1,0,10.99,4,9.1,1.423683,18.9,0.3639582
NZHigh24-16,2016,9.85,NZHigh24,NZ,High,24,High24,NZ24,W,C,WC,5,0.148285,0.081633,0.229917,NA,NA,4.47,0.25561,0.01009,25.333,55,3,30,1,2,20.1,0,2,25.1,23.1,3.98,7.97,80.08,0,7.97,5,25.1,-1.543,5.93,0.345876763
NZLow24-16,2016,10.77,NZLow24,NZ,Low,24,Low24,NZ24,A,R,AR,5,0.131301,0.03283,0.164132,NA,NA,4.75,3.0213,0.09337,32.35836,31.25,5,0.28,1.8,9.35,26.8,0,74.85,112.8,37.95,1.6,8.29,23.76,0,66.36,22,112.8,-1.68504,24.62,1.054089192
NZHigh24-17,2017,13.88,NZHigh24,NZ,High,24,High24,NZ24,W,C,WC,5,0.148285,0.081633,0.229917,NA,NA,4.47,0.25561,0.01009,25.333,55,3,30,1,2,20.1,0,2,25.1,23.1,3.98,7.97,80.08,0,7.97,5,25.1,-1.543,9.92,0.695057576
NZLow24-17,2017,14.12,NZLow24,NZ,Low,24,Low24,NZ24,A,R,AR,5,0.131301,0.03283,0.164132,NA,NA,4.75,3.0213,0.09337,32.35836,31.25,5,0.28,1.8,9.35,26.8,0,74.85,112.8,37.95,1.6,8.29,23.76,0,66.36,22,112.8,-1.68504,33.44,1.708802865
NZHigh24-18,2018,14.78,NZHigh24,NZ,High,24,High24,NZ24,W,C,WC,5,0.148285,0.081633,0.229917,NA,NA,4.47,0.25561,0.01009,25.333,55,3,30,1,2,20.1,0,2,25.1,23.1,3.98,7.97,80.08,0,7.97,5,25.1,-1.543,9.6,0.299179
NZLow24-18,2018,14.98,NZLow24,NZ,Low,24,Low24,NZ24,A,R,AR,5,0.131301,0.03283,0.164132,NA,NA,4.75,3.0213,0.09337,32.35836,31.25,5,0.28,1.8,9.35,26.8,0,74.85,112.8,37.95,1.6,8.29,23.76,0,66.36,22,112.8,-1.68504,36.9,0.811023665
NZHigh25-16,2016,10.76,NZHigh25,NZ,High,25,High25,NZ25,W,R,WR,5,0.148285,0.084238,0.232523,NA,NA,4.34,0.47453,0.03828,12.39629,80,7,4,25,3.1,10,0,0.1,38.2,38.1,65.45,8.12,26.18,0,0.26,5,38.2,0.879159,6.33,1.552799626
NZLow25-16,2016,10.93,NZLow25,NZ,Low,25,Low25,NZ25,A,R,AR,5,0.134506,0.02037,0.154876,NA,NA,5.17,1.5055,0.04827,31.18914,16.75,2.5,12,1.05,3.95,5.23,0,73.68,83.9,10.23,1.25,4.71,6.23,0,87.81,20,83.9,-1.85303,40.57,0.84797388
NZHigh25-17,2017,13.59,NZHigh25,NZ,High,25,High25,NZ25,W,R,WR,5,0.148285,0.084238,0.232523,NA,NA,4.34,0.47453,0.03828,12.39629,80,7,4,25,3.1,10,0,0.1,38.2,38.1,65.45,8.12,26.18,0,0.26,5,38.2,0.879159,12.58,1.9402537
NZLow25-17,2017,14.35,NZLow25,NZ,Low,25,Low25,NZ25,A,R,AR,5,0.134506,0.02037,0.154876,NA,NA,5.17,1.5055,0.04827,31.18914,16.75,2.5,12,1.05,3.95,5.23,0,73.68,83.9,10.23,1.25,4.71,6.23,0,87.81,20,83.9,-1.85303,43.48,0.814358607
NZHigh25-18,2018,14.57,NZHigh25,NZ,High,25,High25,NZ25,W,R,WR,5,0.148285,0.084238,0.232523,NA,NA,4.34,0.47453,0.03828,12.39629,80,7,4,25,3.1,10,0,0.1,38.2,38.1,65.45,8.12,26.18,0,0.26,5,38.2,0.879159,5.4,0.1962159
NZLow25-18,2018,16.32,NZLow25,NZ,Low,25,Low25,NZ25,A,R,AR,5,0.134506,0.02037,0.154876,NA,NA,5.17,1.5055,0.04827,31.18914,16.75,2.5,12,1.05,3.95,5.23,0,73.68,83.9,10.23,1.25,4.71,6.23,0,87.81,20,83.9,-1.85303,43.7,0.727204389
NZHigh26-16,2016,9.16,NZHigh26,NZ,High,26,High26,NZ26,A,R,AR,5,0.128883,0.039945,0.168828,NA,NA,4.47,0.98034,0.04435,22.10462,40,5,45,10,8,20,0,1.1,39.1,38,25.58,20.46,51.15,0,2.81,5,39.1,-0.22991,10.66,0.591171862
NZLow26-16,2016,11.58,NZLow26,NZ,Low,26,Low26,NZ26,A,R,AR,5,0.118483,0.021755,0.140238,NA,NA,4.99,2.5501,0.07777,32.79028,41.25,7.5,2.25,6.05,3.78,8.35,0,55.13,73.3,18.18,8.25,5.15,11.39,0,75.2,12,73.3,-1.54927,37.37,0.609669462
NZHigh26-17,2017,13.8,NZHigh26,NZ,High,26,High26,NZ26,A,R,AR,5,0.128883,0.039945,0.168828,NA,NA,4.47,0.98034,0.04435,22.10462,40,5,45,10,8,20,0,1.1,39.1,38,25.58,20.46,51.15,0,2.81,5,39.1,-0.22991,17.12,1.171321462
NZLow26-17,2017,14.51,NZLow26,NZ,Low,26,Low26,NZ26,A,R,AR,5,0.118483,0.021755,0.140238,NA,NA,4.99,2.5501,0.07777,32.79028,41.25,7.5,2.25,6.05,3.78,8.35,0,55.13,73.3,18.18,8.25,5.15,11.39,0,75.2,12,73.3,-1.54927,43.18,0.774699891
NZLow26-18,2018,15.61,NZLow26,NZ,Low,26,Low26,NZ26,A,R,AR,5,0.118483,0.021755,0.140238,NA,NA,4.99,2.5501,0.07777,32.79028,41.25,7.5,2.25,6.05,3.78,8.35,0,55.13,73.3,18.18,8.25,5.15,11.39,0,75.2,12,73.3,-1.54927,48.4,0.787874703
NZHigh27-16,2016,9.96,NZHigh27,NZ,High,27,High27,NZ27,W,C,WC,5,0.143434,0.045156,0.188591,NA,NA,4.37,1.0287,0.05981,17.19946,50,6,1,7,1,55,0,0.2,63.2,63,11.08,1.58,87.03,0,0.32,4,63.2,-1.49303,10.81,1.80428422
NZLow27-16,2016,10.44,NZLow27,NZ,Low,27,Low27,NZ27,A,R,AR,5,0.121688,0.031446,0.153134,NA,NA,5.01,2.1932,0.07841,27.97092,13.75,7.75,0.25,8.28,3.15,19.63,0,77.9,108.95,31.05,7.6,2.89,18.01,0,71.5,15,108.95,-1.65454,11.78,1.047053864
NZHigh27-17,2017,15.92,NZHigh27,NZ,High,27,High27,NZ27,W,C,WC,5,0.143434,0.045156,0.188591,NA,NA,4.37,1.0287,0.05981,17.19946,50,6,1,7,1,55,0,0.2,63.2,63,11.08,1.58,87.03,0,0.32,4,63.2,-1.49303,12.44,1.606267634
NZLow27-17,2017,13.74,NZLow27,NZ,Low,27,Low27,NZ27,A,R,AR,5,0.121688,0.031446,0.153134,NA,NA,5.01,2.1932,0.07841,27.97092,13.75,7.75,0.25,8.28,3.15,19.63,0,77.9,108.95,31.05,7.6,2.89,18.01,0,71.5,15,108.95,-1.65454,15.52,1.053159473
NZLow27-18,2018,14.34,NZLow27,NZ,Low,27,Low27,NZ27,A,R,AR,5,0.121688,0.031446,0.153134,NA,NA,5.01,2.1932,0.07841,27.97092,13.75,7.75,0.25,8.28,3.15,19.63,0,77.9,108.95,31.05,7.6,2.89,18.01,0,71.5,15,108.95,-1.65454,18.9,0.724260202
NZHigh28-16,2016,9.65,NZHigh28,NZ,High,28,High28,NZ28,W,R,WR,5,0.149255,0.042551,0.191806,NA,NA,4.38,0.4975,0.02843,17.49912,80,8,3,25,3,3,0,0.1,31.1,31,80.39,9.65,9.65,0,0.32,3,31.1,1.521054,11.66,1.552166459
NZLow28-16,2016,10.95,NZLow28,NZ,Low,28,Low28,NZ28,A,C,AC,5,0.154801,0.034962,0.189763,NA,NA,4.83,5.1181,0.11931,42.89749,8.75,4.43,0.25,8.53,1.9,32.03,0,94.33,136.78,42.45,6.23,1.39,23.41,0,68.96,14,136.78,-1.76084,34.4,1.333454136
NZHigh28-17,2017,14.65,NZHigh28,NZ,High,28,High28,NZ28,W,R,WR,5,0.149255,0.042551,0.191806,NA,NA,4.38,0.4975,0.02843,17.49912,80,8,3,25,3,3,0,0.1,31.1,31,80.39,9.65,9.65,0,0.32,3,31.1,1.521054,14.12,2.675703852
NZLow28-17,2017,14.33,NZLow28,NZ,Low,28,Low28,NZ28,A,C,AC,5,0.154801,0.034962,0.189763,NA,NA,4.83,5.1181,0.11931,42.89749,8.75,4.43,0.25,8.53,1.9,32.03,0,94.33,136.78,42.45,6.23,1.39,23.41,0,68.96,14,136.78,-1.76084,41.6,1.229098495
NZHigh29-16,2016,8.73,NZHigh29,NZ,High,29,High29,NZ29,A,C,AC,5,0.153135,0.021707,0.174842,NA,NA,4.11,2.9439,0.23092,12.74857,15,6,4,10.1,29.1,55,0,2.1,96.3,94.2,10.49,30.22,57.11,0,2.18,11,96.3,-0.46009,13.59,1.167064735
NZLow29-16,2016,10.71,NZLow29,NZ,Low,29,Low29,NZ29,A,C,AC,5,0.140915,0.062645,0.20356,NA,NA,4.7,3.7357,0.12356,30.23389,17.75,5,0.25,1.3,4.63,55.35,0,79.93,141.2,61.28,0.92,3.28,39.2,0,56.6,15,141.2,-1.88647,14.88,1.842367629
NZHigh29-17,2017,12.97,NZHigh29,NZ,High,29,High29,NZ29,A,C,AC,5,0.153135,0.021707,0.174842,NA,NA,4.11,2.9439,0.23092,12.74857,15,6,4,10.1,29.1,55,0,2.1,96.3,94.2,10.49,30.22,57.11,0,2.18,11,96.3,-0.46009,16.92,2.222705331
NZLow29-17,2017,14.81,NZLow29,NZ,Low,29,Low29,NZ29,A,C,AC,5,0.140915,0.062645,0.20356,NA,NA,4.7,3.7357,0.12356,30.23389,17.75,5,0.25,1.3,4.63,55.35,0,79.93,141.2,61.28,0.92,3.28,39.2,0,56.6,15,141.2,-1.88647,16.1,1.54773885
NZLow29-18,2018,15.13,NZLow29,NZ,Low,29,Low29,NZ29,A,C,AC,5,0.140915,0.062645,0.20356,NA,NA,4.7,3.7357,0.12356,30.23389,17.75,5,0.25,1.3,4.63,55.35,0,79.93,141.2,61.28,0.92,3.28,39.2,0,56.6,15,141.2,-1.88647,13.25,1.229032717
NZHigh30-16,2016,10.27,NZHigh30,NZ,High,30,High30,NZ30,W,R,WR,5,0.152165,0.034735,0.1869,NA,NA,4.26,1.6276,0.09395,17.32411,40,5,4,25,6,27,0,0.1,58.1,58,43.03,10.33,46.47,0,0.17,7,58.1,0.082475,12.23,1.927280407
NZLow30-16,2016,10.95,NZLow30,NZ,Low,30,Low30,NZ30,A,C,AC,5,0.139847,0.043267,0.183114,NA,NA,4.8,2.0639,0.06567,31.42835,3.5,3,1,0.85,2.3,36.45,0,99.73,139.33,39.6,0.61,1.65,26.16,0,71.58,16,139.33,-1.97433,22.4,0.645967416
NZHigh30-17,2017,14.46,NZHigh30,NZ,High,30,High30,NZ30,W,R,WR,5,0.152165,0.034735,0.1869,NA,NA,4.26,1.6276,0.09395,17.32411,40,5,4,25,6,27,0,0.1,58.1,58,43.03,10.33,46.47,0,0.17,7,58.1,0.082475,14.26,2.140678939
NZLow30-17,2017,14.34,NZLow30,NZ,Low,30,Low30,NZ30,A,C,AC,5,0.139847,0.043267,0.183114,NA,NA,4.8,2.0639,0.06567,31.42835,3.5,3,1,0.85,2.3,36.45,0,99.73,139.33,39.6,0.61,1.65,26.16,0,71.58,16,139.33,-1.97433,31.2,0.52429648
NZHigh31-16,2016,10.33,NZHigh31,NZ,High,31,High31,NZ31,W,C,WC,5,0.147315,0.019102,0.166416,NA,NA,4.17,1.848,0.10509,17.58493,5,10,6,13,13.1,64,0,3,93.1,90.1,13.96,14.07,68.74,0,3.22,9,93.1,-0.92154,14.73,1.534463948
NZLow31-16,2016,11.05,NZLow31,NZ,Low,31,Low31,NZ31,A,C,AC,5,0.117415,0.039114,0.15653,NA,NA,4.16,4.527,0.10781,41.99054,5.25,3.75,0.25,6.3,5.58,44.15,0,88.8,144.83,56.03,4.35,3.85,30.49,0,61.32,24,144.83,-1.73605,37.12,1.726655266
NZHigh31-17,2017,14.09,NZHigh31,NZ,High,31,High31,NZ31,W,C,WC,5,0.147315,0.019102,0.166416,NA,NA,4.17,1.848,0.10509,17.58493,5,10,6,13,13.1,64,0,3,93.1,90.1,13.96,14.07,68.74,0,3.22,9,93.1,-0.92154,17.28,2.912633741
NZLow31-17,2017,14.97,NZLow31,NZ,Low,31,Low31,NZ31,A,C,AC,5,0.117415,0.039114,0.15653,NA,NA,4.16,4.527,0.10781,41.99054,5.25,3.75,0.25,6.3,5.58,44.15,0,88.8,144.83,56.03,4.35,3.85,30.49,0,61.32,24,144.83,-1.73605,40.02,1.672396166
NZLow31-18,2018,15.56,NZLow31,NZ,Low,31,Low31,NZ31,A,C,AC,5,0.117415,0.039114,0.15653,NA,NA,4.16,4.527,0.10781,41.99054,5.25,3.75,0.25,6.3,5.58,44.15,0,88.8,144.83,56.03,4.35,3.85,30.49,0,61.32,24,144.83,-1.73605,41.25,1.110089484
NZHigh32-16,2016,8.26,NZHigh32,NZ,High,32,High32,NZ32,A,C,AC,5,0.168656,0.017799,0.186456,NA,NA,4.13,2.4948,0.12562,19.85989,3,5,25,10,24,44,0,8,86,78,11.63,27.91,51.16,0,9.3,11,86,-0.50811,18.67,2.1280923
NZLow32-16,2016,9.99,NZLow32,NZ,Low,32,Low32,NZ32,A,C,AC,5,0.129165,0.08064,0.209805,NA,NA,4.51,5.0268,0.12884,39.01583,5.75,7.25,0,6.25,6.3,33.85,0,91.83,138.23,46.4,4.52,4.56,24.49,0,66.43,18,138.23,-1.7083,27.86,0.854146483
NZHigh32-17,2017,12.72,NZHigh32,NZ,High,32,High32,NZ32,A,C,AC,5,0.168656,0.017799,0.186456,NA,NA,4.13,2.4948,0.12562,19.85989,3,5,25,10,24,44,0,8,86,78,11.63,27.91,51.16,0,9.3,11,86,-0.50811,22.98,1.660898486
NZLow32-17,2017,13.37,NZLow32,NZ,Low,32,Low32,NZ32,A,C,AC,5,0.129165,0.08064,0.209805,NA,NA,4.51,5.0268,0.12884,39.01583,5.75,7.25,0,6.25,6.3,33.85,0,91.83,138.23,46.4,4.52,4.56,24.49,0,66.43,18,138.23,-1.7083,31.26,0.958167737
NZLow32-18,2018,15.47,NZLow32,NZ,Low,32,Low32,NZ32,A,C,AC,5,0.129165,0.08064,0.209805,NA,NA,4.51,5.0268,0.12884,39.01583,5.75,7.25,0,6.25,6.3,33.85,0,91.83,138.23,46.4,4.52,4.56,24.49,0,66.43,18,138.23,-1.7083,30,0.873589762
SALow1-15,2015,8.58,SALow1,SA,Low,1,Low1,SA1,A,R,AR,5,0.188114,NA,NA,0.150875,NA,3.15,6.5868,0.12966,50.80056,0,5,0,0,0,62,0,35,97,62,0,0,63.9,0,36.1,3,97,-2.02245,16.35,3.21912
SAHigh1-15,2015,6.78,SAHigh1,SA,High,1,High1,SA1,A,R,AR,5,0.200064,0.114492,0.314556,0.056273,5.589828,3.26,NA,NA,NA,0,1,0,4,0,23,0,77,104,27,3.8,0,22.1,0,74,4,104,-1.91121,23.58,1.07304
SALow2-15,2015,9.13,SALow2,SA,Low,2,Low2,SA2,W,R,WR,5,0.00045,0.110177,0.110627,0.184858,0.598443,3.26,8.5241,0.25417,33.537,0,4,0,0,0,85,0,12,97,85,0,0,87.6,0,12.4,3,97,-1.99792,11.38,3.4716
SAHigh2-15,2015,7.05,SAHigh2,SA,High,2,High2,SA2,A,C,AC,5,0.029521,0.109167,0.138687,0.146323,0.947819,3.29,34.512,1.3331,25.88853,0,1,0,4,0,86,0,9,99,90,4,0,86.9,0,9.1,5,99,-1.83776,22.73,0.37872
SALow3-15,2015,8.55,SALow3,SA,Low,3,Low3,SA3,W,C,WC,5,0.021741,0.099159,0.1209,0.150532,0.803154,2.94,27.519,0.60054,45.82376,0,1,0,0,0,94,0,5.1,99.1,94,0,0,94.9,0,5.1,4,99.1,-1.99036,10.9,4.79712
SAHigh3-15,2015,7.35,SAHigh3,SA,High,3,High3,SA3,W,C,WC,5,0.030001,0.101666,0.131667,0.054252,2.426962,3.5,7.1541,0.22859,31.29664,0,2,0,0,0,72.1,0,35,107.1,72.1,0,0,67.3,0,32.7,4,107.1,-2.01893,26.43,1.64112
SAHigh4-15,2015,7.85,SAHigh4,SA,High,4,High4,SA4,W,R,WR,5,0.294223,0.07568,0.369903,0.057442,6.439572,3.4,7.5521,0.22843,33.06089,0,1,1,3,0.1,27.1,0,70,100.2,30.2,3,0.1,27,0,69.9,7,100.2,-1.93619,13.38,1.64112
SALow4-15,2015,8.74,SALow4,SA,Low,4,Low4,SA4,A,C,AC,5,0.023226,0.11844,0.141667,0.249396,0.568039,3.32,9.7998,0.23884,41.03082,0,0,0,0,0,91,0,10.1,101.1,91,0,0,90,0,10,4,101.1,-1.99544,13.63,3.72408
SAHigh5-15,2015,6.58,SAHigh5,SA,High,5,High5,SA5,A,C,AC,5,NA,NA,NA,NA,NA,3.75,11.622,0.44065,26.37467,0,1,0,3,0.1,94.2,0,3.1,100.4,97.3,3,0.1,93.8,0,3.1,9,100.4,-1.86704,19.6,0.82056
SALow5-15,2015,8.36,SALow5,SA,Low,5,Low5,SA5,A,C,AC,5,NA,0.110177,NA,0.185697,NA,3.26,3.9505,0.10674,37.01049,0,0,0,0,0,108,0,4,112,108,0,0,96.4,0,3.6,3,112,-1.98881,16.03,3.53472
SAHigh6-15,2015,6.61,SAHigh6,SA,High,6,High6,SA6,W,C,WC,5,0.013667,0.096195,0.109863,NA,NA,3.46,28.984,1.108,26.15884,0,2,0,10,0.1,76,0,15,101.1,86.1,9.9,0.1,75.2,0,14.8,6,101.1,-1.60877,18.13,1.64112
SALow6-15,2015,9.06,SALow6,SA,Low,6,Low6,SA6,W,R,WR,5,0.028178,0.121194,0.149372,0.173837,0.859265,3.26,10.633,0.34995,30.38434,0,1,0,0,0,41,0,71,112,41,0,0,36.6,0,63.4,3,112,-2.05071,12.48,1.2624
SALow7-15,2015,8.63,SALow7,SA,Low,7,Low7,SA7,A,R,AR,5,0.177641,0.096405,0.274046,0.189151,1.44882,3.25,6.6475,0.18036,36.85684,0,8,0,0,0,45.1,0,47,92.1,45.1,0,0,49,0,51,3,92.1,-2.03788,15.88,1.19928
SAHigh7-15,2015,6.86,SAHigh7,SA,High,7,High7,SA7,W,R,WR,5,0.05258,0.068841,0.121421,0.08441,1.43846,3.21,35.168,1.1903,29.54549,0,2,0,12,0,45,0,45,102,57,11.8,0,44.1,0,44.1,4,102,-1.56833,18.63,1.38864
SALow8-15,2015,8.29,SALow8,SA,Low,8,Low8,SA8,W,C,WC,5,NA,0.104668,NA,0.265226,NA,3.05,20.167,0.55995,36.01572,0,2,0,0,0,95,0,1.1,96.1,95,0,0,98.9,0,1.1,4,96.1,-1.98622,16.93,3.97656
SAHigh8-15,2015,6.22,SAHigh8,SA,High,8,High8,SA8,A,R,AR,5,0.17172,0.131756,0.303476,0.085232,3.560596,3.07,33.617,1.2802,26.25918,0,2,0,5,0,47,0,47,99,52,5.1,0,47.5,0,47.5,5,99,-1.83597,15,0.37872
SALow9-15,2015,8.78,SALow9,SA,Low,9,Low9,SA9,A,R,AR,5,0.03352,0.140475,0.173995,0.111349,1.562616,3.11,19.744,0.62347,31.66792,2,5,0,0,0,41,0,58,99,41,0,0,41.4,0,58.6,3,99,-2.04574,15.08,2.58792
SAHigh9-15,2015,7.11,SAHigh9,SA,High,9,High9,SA9,A,C,AC,5,NA,0.071577,NA,0.092668,NA,3.47,36.653,1.9719,18.58766,0,2,0,5.1,0.1,89.1,0,5,99.3,94.3,5.1,0.1,89.7,0,5,9,99.3,-1.78515,30.35,1.2624
SALow10-15,2015,9.37,SALow10,SA,Low,10,Low10,SA10,W,C,WC,5,0.086696,0.123949,0.210645,0.202114,1.042207,3.17,28.0305,0.7776,36.04745,0,3,0,0,0,94,0,3.1,97.1,94,0,0,96.8,0,3.2,4,97.1,-1.9884,15.85,3.21912
SAHigh10-15,2015,7.64,SAHigh10,SA,High,10,High10,SA10,W,C,WC,5,0.032403,0.0579,0.090303,0.05069,1.78145,3.42,NA,NA,NA,0,3,0,7.1,0,90,0,3,100.1,97.1,7.1,0,89.9,0,3,8,100.1,-1.70997,11.98,2.46168
SAHigh11-15,2015,6.71,SAHigh11,SA,High,11,High11,SA11,W,R,WR,5,0.083806,0.071577,0.155383,0.06809,2.282004,3.19,15.254,0.50293,30.33026,0,5,0,5.1,0,32,0,58,95.1,37.1,5.4,0,33.6,0,61,4,95.1,-1.83662,17.45,1.70424
SALow11-15,2015,8.15,SALow11,SA,Low,11,Low11,SA11,A,C,AC,5,0.085205,0.107423,0.192628,0.220243,0.874616,NA,9.5167,0.29749,31.98998,0,1,0,0,0,98,0,2.1,100.1,98,0,0,97.9,0,2.1,5,100.1,-1.98726,11.18,2.2092
SALow12-15,2015,9.31,SALow12,SA,Low,12,Low12,SA12,W,R,WR,5,0.036005,0.099159,0.135165,0.076149,1.774991,3.1,22.855,0.61618,37.09143,0,2,0.1,0,0,47,0,50,97,47,0,0,48.5,0,51.5,3,97,-2.0384,14.2,1.95672
SAHigh12-15,2015,7.64,SAHigh12,SA,High,12,High12,SA12,A,R,AR,5,0.082365,0.071577,0.153942,0.068582,2.244635,3.2,5.96935,0.193845,30.79445,0,1,0.1,5,0,32.1,0,62,99.1,37.1,5,0,32.4,0,62.6,4,99.1,-1.85395,15.15,0.18936
SALow13-15,2015,8.99,SALow13,SA,Low,13,Low13,SA13,A,R,AR,5,0.034514,0.112931,0.147446,0.125794,1.172116,3.13,15.351,0.44642,34.3869,0,3,0,0,0,23.1,0,75,98.1,23.1,0,0,23.5,0,76.5,4,98.1,-2.06427,14.23,1.51488
SAHigh13-15,2015,7.65,SAHigh13,SA,High,13,High13,SA13,W,R,WR,5,0.034805,0.112608,0.147413,0.04608,3.199082,3.25,27.318,0.92137,29.64933,0,1,0,1,0,38,0,62,101,39,1,0,37.6,0,61.4,5,101,-2.00946,24.03,1.13616
SALow14-15,2015,9.58,SALow14,SA,Low,14,Low14,SA14,W,R,WR,5,0.009169,0.093651,0.10282,0.246862,0.416506,3.01,21.574,0.62775,34.36718,1,0,0,0,0,45,0,35,80,45,0,0,56.3,0,43.8,2,80,-2.03199,18.8,2.8404
SAHigh14-15,2015,7.53,SAHigh14,SA,High,14,High14,SA14,W,C,WC,5,0.033364,0.120814,0.154178,0.116475,1.323702,3.51,22.65,1.1237,20.15663,0,0,0,8,1.1,82.2,0,16,107.3,91.3,7.5,1,76.6,0,14.9,10,107.3,-1.66967,36.27,2.71416
SAHigh15-15,2015,6.96,SAHigh15,SA,High,15,High15,SA15,A,R,AR,5,0.008863,0.0579,0.066763,0.089749,0.743881,3.43,30.605,1.3704,22.3329,0,5,0,5,0,25.1,0,68,98.1,30.1,5.1,0,25.6,0,69.3,5,98.1,-1.85697,33.4,0.50496
SALow15-15,2015,9.45,SALow15,SA,Low,15,Low15,SA15,W,C,WC,5,0.00072,0.096405,0.097125,0.192755,0.503877,3.22,19.001,0.51217,37.09901,0,2,0,0.1,0,95,0,3,98.1,95.1,0.1,0,96.8,0,3.1,6,98.1,-1.98438,11.8,2.96664
SAHigh16-15,2015,7.15,SAHigh16,SA,High,16,High16,SA16,A,C,AC,5,0.000696,0.068841,0.069537,0.108824,0.63899,3.36,28.098,1.3746,20.44086,0,15,0,5,0.2,72.2,0,9,86.4,77.4,5.8,0.2,83.6,0,10.4,10,86.4,-1.76118,28.1,1.38864
SALow16-15,2015,8.58,SALow16,SA,Low,16,Low16,SA16,A,C,AC,5,0,0.082633,0.082633,0.168706,0.489806,2.97,32.904,1.1092,29.66462,0,2,0,0,0,79,0,22,101,79,0,0,78.2,0,21.8,4,101,-2.00765,12.83,4.1028
SALow17-15,2015,10.25,SALow17,SA,Low,17,Low17,SA17,W,R,WR,5,NA,0.099159,NA,0.274789,NA,3,41.5775,1.19785,34.71011,0,5,0,0,0,50.1,0,35,85.1,50.1,0,0,58.9,0,41.1,3,85.1,-2.02763,23.28,4.98648
SAHigh17-15,2015,7.49,SAHigh17,SA,High,17,High17,SA17,W,C,WC,5,0,0.077047,0.077047,NA,NA,3.28,31.606,1.3764,22.9628,0,1,0,3.1,0.1,77.2,0,6,86.4,80.4,3.6,0.1,89.4,0,6.9,8,86.4,-1.84746,20.7,3.09288
SALow18-15,2015,7.7,SALow18,SA,Low,18,Low18,SA18,A,C,AC,5,0.013145,0.154247,0.167391,0.218054,0.76766,3.01,43.576,1.1676,37.321,0,1,0,0,0,92,0,6.1,98.1,92,0,0,93.8,0,6.2,3,98.1,-1.9915,12.8,2.96664
SAHigh18-15,2015,7.96,SAHigh18,SA,High,18,High18,SA18,W,R,WR,5,NA,0.074312,NA,0.110528,NA,3.37,39.626,1.8036,21.9705,0,1,1,9,0.1,28,0,62,99.1,37.1,9.1,0.1,28.3,0,62.6,7,99.1,-1.69116,28.03,2.39856
SALow19-15,2015,9.36,SALow19,SA,Low,19,Low19,SA19,A,R,AR,5,0.126454,0.107423,0.233876,0.221436,1.056181,2.99,43.602,1.3043,33.42943,0,2,0,0,0,75,0,25,100,75,0,0,75,0,25,3,100,-2.01096,23.9,1.64112
SAHigh19-15,2015,7.16,SAHigh19,SA,High,19,High19,SA19,A,C,AC,5,0.012706,0.071577,0.084283,0.057404,1.468254,3.22,14.541,0.61159,23.77573,0,2,1,7.1,0,65.2,0,34,106.3,72.3,6.7,0,61.3,0,32,8,106.3,-1.75566,24.93,2.46168
SALow20-15,2015,8.51,SALow20,SA,Low,20,Low20,SA20,W,C,WC,5,0.161241,0.096405,0.257647,NA,NA,2.91,41.021,1.1606,35.34465,0,1,0,0,0,91,0,9,100,91,0,0,91,0,9,4,100,-1.9944,16.38,3.34536
SAHigh20-15,2015,6.88,SAHigh20,SA,High,20,High20,SA20,A,R,AR,5,0.122238,0.0579,0.180138,0.066801,2.696653,3.17,28.213,1.2481,22.60476,0,1,2,8,0,45.2,0,50,103.2,53.2,7.8,0,43.8,0,48.4,6,103.2,-1.72953,18.3,0.12624
USHigh2-15,2015,11.84,USHigh2,US,High,2,High2,US2,A,R,AR,6,0.87252,0.37031,1.24283,0.300745,4.1325,4.32,11.827,0.89618,13.19713,5,60,15,17,48,40,0,0,105,105,16.2,45.7,38.1,0,0,9,105,0.33768,20.95,1.2231542
USLow2-21,2021,17.67,USLow2,US,Low,2,Low2,US2,A,R,AR,6,0.018396,0.617045,0.635441,0.116837,5.438686,6.34,6.3211,0.55215,11.44816,40,0,0,15,67,10,0,0,92,92,16.3,72.8,10.9,0,0,11,92,1.342545,10,2.848843863
USHigh3-21,2021,13.38,USHigh3,US,High,3,High3,US3,A,C,AC,6,0.845434,0.397408,1.242842,0.145575,8.537439,4.32,6.8255,0.6031,11.31736,10,10,25,40,53,25,0,0,118,118,33.9,44.9,21.2,0,0,10,118,1.001732,10.52,1.961455939
USLow3-21,2021,16.19,USLow3,US,Low,3,Low3,US3,A,C,AC,6,0.034738,0.954435,0.989173,0.101649,9.731298,5.81,6.8043,0.55962,12.15879,10,20,0,75,117,0,0,0,202,202,37.1,57.9,0,0,0,14,202,1.685722,7.27,1.231724244
USLow4-15,2015,16.62,USLow4,US,Low,4,Low4,US4,W,C,WC,6,0.018069,0.428655,0.446724,0.116496,3.834667,6.52,6.3353,0.5463,11.59674,30,10,0,0,95,0,5,0,110,110,0,86.4,0,4.5,0,8,110,1.562947,20.3,4.4393825
USLow4-21,2021,16.21,USLow4,US,Low,4,Low4,US4,W,C,WC,6,0.018069,0.428655,0.446724,0.116496,3.834667,6.52,6.3353,0.5463,11.59674,30,10,0,0,95,0,5,0,110,110,0,86.4,0,4.5,0,8,110,1.562947,9.35,3.040379556
USHigh5-21,2021,14.22,USHigh5,US,High,5,High5,US5,W,R,WR,6,1.121457,1.24422,2.365677,0.353268,6.696549,4.35,7.8392,0.67675,11.5836,50,50,20,25,30,10,0,0,65,65,38.5,46.2,15.4,0,0,11,65,1.228438,8.8,2.754265059
USLow6-15,2015,13.64,USLow6,US,Low,6,Low6,US6,A,R,AR,6,0.021337,NA,NA,0.101876,NA,6.15,8.0168,0.65551,12.22987,20,10,0,50,65,0,0,0,120,120,41.7,54.2,0,0,0,9,120,1.715201,15.77,7.607029788
USLow6-21,2021,16.5,USLow6,US,Low,6,Low6,US6,A,R,AR,6,0.021337,NA,NA,0.101876,NA,6.15,8.0168,0.65551,12.22987,20,10,0,50,65,0,0,0,120,120,41.7,54.2,0,0,0,9,120,1.715201,7.9,2.6916241
USHigh7-15,2015,11.54,USHigh7,US,High,7,High7,US7,A,C,AC,6,0.927983,0.793716,1.721699,0.239995,7.173886,4.31,9.2006,0.72258,12.73298,2,75,5,47,35,15,0,0,97,97,48.5,36.1,15.5,0,0,9,97,1.247256,24.1,2.7412981
USLow8-21,2021,18.23,USLow8,US,Low,8,Low8,US8,W,C,WC,6,0.018069,0.807148,0.825217,0.211341,3.904668,6.11,6.0903,0.49998,12.18109,25,5,0,10,62,0,0,0,72,72,13.9,86.1,0,0,0,8,72,1.739737,6.98,1.981559946
USLow10-21,2021,17.14,USLow10,US,Low,10,Low10,US10,A,R,AR,6,0.012512,0.390977,0.40349,0.231804,1.740649,6.1,4.7008,0.42822,10.97753,30,5,0,20,55,2,0,0,77,77,26,71.4,2.6,0,0,10,77,1.670945,12.5,4.062364058
USHigh12-21,2021,14.73,USHigh12,US,High,12,High12,US12,W,C,WC,6,2.439665,0.363536,2.803201,0.305243,9.183513,NA,NA,NA,NA,60,10,50,27,12,5,0,0,44,44,61.4,27.3,11.4,0,0,6,44,1.427731,11.31,3.46699882
USLow12-21,2021,16.39,USLow12,US,Low,12,Low12,US12,W,C,WC,6,0.008917,0.2043,0.213217,0.119854,1.778978,6.48,8.0332,0.66406,12.0971,25,5,0,10,67,5,10,0,97,97,10.3,69.1,5.2,10.3,0,10,97,1.540756,10.77,1.966638904
USLow14-21,2021,17.55,USLow14,US,Low,14,Low14,US14,A,R,AR,6,0.011859,0.666712,0.67857,0.210973,3.216382,6.57,6.8666,0.562715,12.20262,50,5,0,25,36,5,0,0,76,76,32.9,47.4,6.6,0,0,9,76,1.26038,9.67,4.1653921
USLow16-15,2015,16.73,USLow16,US,Low,16,Low16,US16,W,C,WC,6,0.008263,0.558816,0.567079,0.313172,1.810757,6.05,3.9654,0.34245,11.5795,30,5,0,20,52,0,0,0,82,82,24.4,63.4,0,0,0,9,82,1.504142,14.5,4.448864881
USLow16-21,2021,16.54,USLow16,US,Low,16,Low16,US16,W,C,WC,6,0.008263,0.558816,0.567079,0.313172,1.810757,6.05,3.9654,0.34245,11.5795,30,5,0,20,52,0,0,0,82,82,24.4,63.4,0,0,0,9,82,1.504142,5.83,2.138430259
USLow17-21,2021,18.82,USLow17,US,Low,17,Low17,US17,W,R,WR,6,0.007936,0.372138,0.380075,0.136183,2.790909,6.59,3.5924,0.3476,10.33487,70,10,10,12,30,5,0,0,52,52,23.1,57.7,9.6,0,0,8,52,1.201883,12.76,4.835791121
USLow18-15,2015,16.42,USLow18,US,Low,18,Low18,US18,A,R,AR,6,0.023625,1.684018,1.707643,0.085974,19.86226,6.61,7.0557,0.58055,12.15348,50,10,5,15,62,15,10,0,112,112,13.4,55.4,13.4,8.9,0,11,112,1.149229,23.7,5.102731771
USLow18-21,2021,16.99,USLow18,US,Low,18,Low18,US18,A,R,AR,6,0.023625,1.684018,1.707643,0.085974,19.86226,6.61,7.0557,0.58055,12.15348,50,10,5,15,62,15,10,0,112,112,13.4,55.4,13.4,8.9,0,11,112,1.149229,11.83,3.765153973
USHigh19-15,2015,12.23,USHigh19,US,High,19,High19,US19,A,C,AC,6,1.703666,0.96456,2.668226,0.398331,6.698523,NA,NA,NA,NA,60,50,20,25,2,15,0,0,42,42,59.5,4.8,35.7,0,0,5,42,0.523801,22.25,2.210305
USLow19-15,2015,15.72,USLow19,US,Low,19,Low19,US19,A,C,AC,6,0.00859,0.644448,0.653038,0.163904,3.984279,6.63,5.6437,0.4949,11.40372,75,10,10,15,60,15,5,0,105,105,14.3,57.1,14.3,4.8,0,8,105,1.061655,20.17,4.143862912
USHigh19-21,2021,12.84,USHigh19,US,High,19,High19,US19,A,C,AC,6,1.703666,0.96456,2.668226,0.398331,6.698523,NA,NA,NA,NA,60,50,20,25,2,15,0,0,42,42,59.5,4.8,35.7,0,0,5,42,0.523801,11.24,1.352605442
USLow21-21,2021,17.68,USLow21,US,Low,21,Low21,US21,W,R,WR,6,0.012512,1.476789,1.489301,0.177922,8.370526,6.72,6.6059,0.56467,11.69869,75,15,5,15,45,10,0,0,75,75,20,60,13.3,0,0,8,75,1.119864,9.59,2.249578167
USLow23-15,2015,16.11,USLow23,US,Low,23,Low23,US23,A,C,AC,6,0.031143,0.464621,0.495764,0.146346,3.387619,6.48,4.4453,0.39357,11.29481,40,5,10,10,117,0,0,0,142,142,7,82.4,0,0,0,11,142,1.498969,17.97,7.355079443
USLow23-21,2021,18.19,USLow23,US,Low,23,Low23,US23,A,C,AC,6,0.031143,0.464621,0.495764,0.146346,3.387619,6.48,4.4453,0.39357,11.29481,40,5,10,10,117,0,0,0,142,142,7,82.4,0,0,0,11,142,1.498969,7.21,2.279828252
USLow24-21,2021,18.59,USLow24,US,Low,24,Low24,US24,W,C,WC,6,0.026912,0.443158,0.47007,0.215875,2.17751,6.5,5.67,0.46606,12.16582,30,5,0,25,92,0,0,0,127,127,19.7,72.4,0,0,0,11,127,1.58493,7.5,2.289815695
USLow25-15,2015,14.85,USLow25,US,Low,25,Low25,US25,W,R,WR,6,0.029244,0.954632,0.983876,0.074401,13.22388,6.51,8.0535,0.68801,11.7055,70,20,0,25,48,0,15,0,103,103,24.3,46.6,0,14.6,0,10,103,1.610335,18.27,6.695588309
USLow26-21,2021,15.81,USLow26,US,Low,26,Low26,US26,A,R,AR,6,0.038521,1.090122,1.128643,0.308401,3.659656,6.06,9.162,0.70375,13.01883,25,15,0,30,22,25,15,0,102,102,29.4,21.6,24.5,14.7,0,9,102,0.817833,11.19,1.721929688
USLow27-21,2021,15.85,USLow27,US,Low,27,Low27,US27,A,C,AC,6,0.016271,0.195889,0.21216,0.240588,0.88184,6.87,6.1412,0.52705,11.65203,30,5,0,10,71,0,0,0,111,111,9,64,0,0,0,8,111,1.154994,13.68,0.9738779513
USLow28-21,2021,18.18,USLow28,US,Low,28,Low28,US28,W,C,WC,6,0.019174,0.213672,0.232845,0.131873,1.765679,6.66,6.8415,0.5845,11.70488,30,20,0,15,120,5,0,0,150,150,10,80,3.3,0,0,9,150,1.466706,11.63,1.877987572
USHigh29-21,2021,13.87,USHigh29,US,High,29,High29,US29,W,R,WR,6,1.974868,NA,NA,0.28775,NA,4.46,3.7128,0.35865,10.35215,75,15,0,3,6,1,0,0,10,10,30,60,10,0,0,7,10,1.406628,15.5,2.916037387
USLow29-21,2021,18.76,USLow29,US,Low,29,Low29,US29,W,R,WR,6,0.018851,0.553243,0.572094,0.464932,1.230489,6.5,6.413,0.53545,11.97684,80,5,0,15,41,15,0,0,76,76,19.7,53.9,19.7,0,0,8,76,0.882803,9.54,3.005099082
USHigh30-21,2021,12.65,USHigh30,US,High,30,High30,US30,A,R,AR,6,0.361439,0.761865,1.123304,0.075668,14.84508,4.53,4.6691,0.43309,10.7809,10,15,10,15,35,30,0,0,80,80,18.8,43.8,37.5,0,0,11,80,0.367819,12.14,1.382887517
USHigh31-21,2021,13.03,USHigh31,US,High,31,High31,US31,A,C,AC,6,1.102271,0.467945,1.570217,0.377283,4.161908,4.27,6.028,0.49466,12.18615,10,20,5,45,51,0,0,0,96,96,46.9,53.1,0,0,0,9,96,1.814026,13.19,2.391067653
USLow32-21,2021,19.23,USLow32,US,Low,32,Low32,US32,W,C,WC,6,0.017239,0.383881,0.40112,0.498058,0.805368,5.92,5.72295,0.47949,11.93549,40,10,20,5,76,2,0,0,98,98,5.1,77.6,2,0,0,10,98,1.320953,8.89,1.490188882